{
    "version": "5.0.2",
    "flags": {},
    "shapes": [
        {
            "label": "Back_ID_Card",
            "line_color": null,
            "fill_color": null,
            "points": [
                [
                    42.17948717948718,
                    76.41025641025641
                ],
                [
                    63.71794871794873,
                    52.30769230769231
                ],
                [
                    539.6153846153846,
                    27.692307692307693
                ],
                [
                    558.0769230769231,
                    39.48717948717949
                ],
                [
                    617.5641025641025,
                    416.4102564102564
                ],
                [
                    607.3076923076924,
                    436.4102564102564
                ],
                [
                    55,
                    479
                ],
                [
                    29.358974358974365,
                    457.43589743589746
                ]
            ],
            "shape_type": "polygon",
            "flags": {}
        }
    ],
    "lineColor": [
        0,
        255,
        0,
        128
    ],
    "fillColor": [
        255,
        0,
        0,
        128
    ],
    "imagePath": "",
    "imageData": "",
    "imageHeight": 480,
    "imageWidth": 640
}