{
    "version": "5.0.2",
    "flags": {},
    "shapes": [
        {
            "label": "Back_ID_Card",
            "line_color": null,
            "fill_color": null,
            "points": [
                [
                    475.51282051282055,
                    167.6923076923077
                ],
                [
                    489.8717948717949,
                    180.0
                ],
                [
                    503.71794871794873,
                    347.1794871794872
                ],
                [
                    492.948717948718,
                    355.3846153846154
                ],
                [
                    181.15384615384613,
                    364.1025641025641
                ],
                [
                    171.9230769230769,
                    356.4102564102564
                ],
                [
                    152.94871794871796,
                    179.4871794871795
                ],
                [
                    166.2820512820513,
                    167.6923076923077
                ]
            ],
            "shape_type": "polygon",
            "flags": {}
        }
    ],
    "lineColor": [
        0,
        255,
        0,
        128
    ],
    "fillColor": [
        255,
        0,
        0,
        128
    ],
    "imagePath": "",
    "imageData": "",
    "imageHeight": 480,
    "imageWidth": 640
}