{
    "version": "5.0.2",
    "flags": {},
    "shapes": [
        {
            "label": "Back_ID_Card",
            "line_color": null,
            "fill_color": null,
            "points": [
                [
                    53.46153846153845,
                    278.974358974359
                ],
                [
                    64.74358974358975,
                    260.5128205128205
                ],
                [
                    499.1025641025641,
                    240.0
                ],
                [
                    510.38461538461536,
                    249.74358974358975
                ],
                [
                    533.974358974359,
                    392.8205128205128
                ],
                [
                    522.1794871794872,
                    408.71794871794873
                ],
                [
                    81.66666666666666,
                    424.1025641025641
                ],
                [
                    72.94871794871796,
                    415.8974358974359
                ]
            ],
            "shape_type": "polygon",
            "flags": {}
        }
    ],
    "lineColor": [
        0,
        255,
        0,
        128
    ],
    "fillColor": [
        255,
        0,
        0,
        128
    ],
    "imagePath": "",
    "imageData": "",
    "imageHeight": 480,
    "imageWidth": 640
}