{
    "version": "5.0.2",
    "flags": {},
    "shapes": [
        {
            "label": "Back_ID_Card",
            "line_color": null,
            "fill_color": null,
            "points": [
                [
                    148.84615384615384,
                    185.12820512820514
                ],
                [
                    161.66666666666669,
                    168.2051282051282
                ],
                [
                    511.41025641025647,
                    175.3846153846154
                ],
                [
                    527.3076923076924,
                    184.6153846153846
                ],
                [
                    530.8974358974359,
                    399.4871794871795
                ],
                [
                    519.1025641025641,
                    415.8974358974359
                ],
                [
                    153.46153846153845,
                    416.9230769230769
                ],
                [
                    143.2051282051282,
                    401.02564102564105
                ]
            ],
            "shape_type": "polygon",
            "flags": {}
        }
    ],
    "lineColor": [
        0,
        255,
        0,
        128
    ],
    "fillColor": [
        255,
        0,
        0,
        128
    ],
    "imagePath": "",
    "imageData": "",
    "imageHeight": 480,
    "imageWidth": 640
}