{
    "version": "5.0.2",
    "flags": {},
    "shapes": [
        {
            "label": "Back_ID_Card",
            "line_color": null,
            "fill_color": null,
            "points": [
                [
                    539.6153846153846,
                    5.641025641025641
                ],
                [
                    561.1538461538462,
                    27.692307692307693
                ],
                [
                    568.3333333333334,
                    445.12820512820514
                ],
                [
                    545.2564102564103,
                    473.84615384615387
                ],
                [
                    88.84615384615384,
                    476.9230769230769
                ],
                [
                    62.69230769230771,
                    456.4102564102564
                ],
                [
                    64.74358974358975,
                    22.05128205128205
                ],
                [
                    96.53846153846155,
                    1.5384615384615385
                ]
            ],
            "shape_type": "polygon",
            "flags": {}
        }
    ],
    "lineColor": [
        0,
        255,
        0,
        128
    ],
    "fillColor": [
        255,
        0,
        0,
        128
    ],
    "imagePath": "187.jpeg",
    "imageData": "",
    "imageHeight": 480,
    "imageWidth": 640
}