{
    "version": "5.0.2",
    "flags": {},
    "shapes": [
        {
            "label": "Back_ID_Card",
            "line_color": null,
            "fill_color": null,
            "points": [
                [
                    440.64102564102564,
                    88.71794871794872
                ],
                [
                    455.0,
                    99.48717948717949
                ],
                [
                    458.58974358974365,
                    345.12820512820514
                ],
                [
                    448.33333333333337,
                    354.35897435897436
                ],
                [
                    157.56410256410257,
                    357.43589743589746
                ],
                [
                    149.8717948717949,
                    343.5897435897436
                ],
                [
                    153.97435897435898,
                    89.74358974358975
                ],
                [
                    165.25641025641025,
                    79.48717948717949
                ]
            ],
            "shape_type": "polygon",
            "flags": {}
        }
    ],
    "lineColor": [
        0,
        255,
        0,
        128
    ],
    "fillColor": [
        255,
        0,
        0,
        128
    ],
    "imagePath": "327.JPEG",
    "imageData": "",
    "imageHeight": 480,
    "imageWidth": 640
}