{
    "version": "5.0.2",
    "flags": {},
    "shapes": [
        {
            "label": "Back_ID_Card",
            "line_color": null,
            "fill_color": null,
            "points": [
                [
                    215.0,
                    412.8205128205128
                ],
                [
                    205.76923076923077,
                    402.5641025641026
                ],
                [
                    202.17948717948718,
                    77.43589743589743
                ],
                [
                    214.4871794871795,
                    65.64102564102565
                ],
                [
                    413.974358974359,
                    49.23076923076923
                ],
                [
                    427.30769230769226,
                    62.05128205128205
                ],
                [
                    432.43589743589746,
                    417.43589743589746
                ],
                [
                    415.5128205128205,
                    425.64102564102564
                ]
            ],
            "shape_type": "polygon",
            "flags": {}
        }
    ],
    "lineColor": [
        0,
        255,
        0,
        128
    ],
    "fillColor": [
        255,
        0,
        0,
        128
    ],
    "imagePath": "336.JPEG",
    "imageData": "",
    "imageHeight": 480,
    "imageWidth": 640
}