{
    "version": "5.0.2",
    "flags": {},
    "shapes": [
        {
            "label": "Back_ID_Card",
            "line_color": null,
            "fill_color": null,
            "points": [
                [
                    511.9230769230769,
                    38.46153846153846
                ],
                [
                    536.025641025641,
                    53.333333333333336
                ],
                [
                    542.1794871794872,
                    436.9230769230769
                ],
                [
                    521.1538461538462,
                    452.8205128205128
                ],
                [
                    77.56410256410257,
                    448.20512820512823
                ],
                [
                    65.25641025641025,
                    429.7435897435898
                ],
                [
                    85.25641025641025,
                    53.84615384615385
                ],
                [
                    108.84615384615384,
                    38.97435897435898
                ]
            ],
            "shape_type": "polygon",
            "flags": {}
        }
    ],
    "lineColor": [
        0,
        255,
        0,
        128
    ],
    "fillColor": [
        255,
        0,
        0,
        128
    ],
    "imagePath": "349.JPEG",
    "imageData": "",
    "imageHeight": 480,
    "imageWidth": 640
}