{
    "version": "5.0.2",
    "flags": {},
    "shapes": [
        {
            "label": "Back_ID_Card",
            "line_color": null,
            "fill_color": null,
            "points": [
                [
                    19.615384615384613,
                    173.84615384615384
                ],
                [
                    33.46153846153847,
                    164.6153846153846
                ],
                [
                    600.1282051282052,
                    168.2051282051282
                ],
                [
                    617.5641025641025,
                    180.0
                ],
                [
                    624.2307692307693,
                    290.2564102564103
                ],
                [
                    611.9230769230769,
                    301.53846153846155
                ],
                [
                    21.66666666666667,
                    302.05128205128204
                ],
                [
                    12.435897435897445,
                    293.3333333333333
                ]
            ],
            "shape_type": "polygon",
            "flags": {}
        }
    ],
    "lineColor": [
        0,
        255,
        0,
        128
    ],
    "fillColor": [
        255,
        0,
        0,
        128
    ],
    "imagePath": "351.JPEG",
    "imageData": "",
    "imageHeight": 480,
    "imageWidth": 640
}