{
    "version": "5.0.2",
    "flags": {},
    "shapes": [
        {
            "label": "Back_ID_Card",
            "line_color": null,
            "fill_color": null,
            "points": [
                [
                    23.205128205128204,
                    163.0769230769231
                ],
                [
                    39.1025641025641,
                    151.2820512820513
                ],
                [
                    586.2820512820513,
                    141.53846153846155
                ],
                [
                    601.1538461538462,
                    150.76923076923077
                ],
                [
                    626.2820512820513,
                    259.4871794871795
                ],
                [
                    615.0,
                    269.7435897435897
                ],
                [
                    48.33333333333334,
                    280.5128205128205
                ],
                [
                    39.61538461538461,
                    270.7692307692308
                ]
            ],
            "shape_type": "polygon",
            "flags": {}
        }
    ],
    "lineColor": [
        0,
        255,
        0,
        128
    ],
    "fillColor": [
        255,
        0,
        0,
        128
    ],
    "imagePath": "353.JPEG",
    "imageData": "",
    "imageHeight": 480,
    "imageWidth": 640
}