{
    "version": "5.0.2",
    "flags": {},
    "shapes": [
        {
            "label": "Back_ID_Card",
            "line_color": null,
            "fill_color": null,
            "points": [
                [
                    24.74358974358975,
                    122.56410256410257
                ],
                [
                    38.58974358974359,
                    112.3076923076923
                ],
                [
                    607.8205128205128,
                    113.84615384615385
                ],
                [
                    625.2564102564103,
                    127.17948717948718
                ],
                [
                    631.9230769230769,
                    307.1794871794872
                ],
                [
                    612.948717948718,
                    323.0769230769231
                ],
                [
                    15.0,
                    317.94871794871796
                ],
                [
                    7.820512820512818,
                    302.5641025641026
                ]
            ],
            "shape_type": "polygon",
            "flags": {}
        }
    ],
    "lineColor": [
        0,
        255,
        0,
        128
    ],
    "fillColor": [
        255,
        0,
        0,
        128
    ],
    "imagePath": "354.JPEG",
    "imageData": "",
    "imageHeight": 480,
    "imageWidth": 640
}