{
    "version": "5.0.2",
    "flags": {},
    "shapes": [
        {
            "label": "Back_ID_Card",
            "line_color": null,
            "fill_color": null,
            "points": [
                [
                    36.53846153846155,
                    113.33333333333334
                ],
                [
                    56.02564102564102,
                    92.3076923076923
                ],
                [
                    583.7179487179487,
                    96.92307692307692
                ],
                [
                    601.1538461538462,
                    120.0
                ],
                [
                    598.5897435897436,
                    433.33333333333337
                ],
                [
                    575.5128205128206,
                    453.33333333333337
                ],
                [
                    48.84615384615384,
                    447.6923076923077
                ],
                [
                    37.56410256410257,
                    427.6923076923077
                ]
            ],
            "shape_type": "polygon",
            "flags": {}
        }
    ],
    "lineColor": [
        0,
        255,
        0,
        128
    ],
    "fillColor": [
        255,
        0,
        0,
        128
    ],
    "imagePath": "356.JPEG",
    "imageData": "",
    "imageHeight": 480,
    "imageWidth": 640
}