{
    "version": "5.0.2",
    "flags": {},
    "shapes": [
        {
            "label": "Back_ID_Card",
            "line_color": null,
            "fill_color": null,
            "points": [
                [
                    70.89743589743591,
                    203.0769230769231
                ],
                [
                    84.74358974358975,
                    191.7948717948718
                ],
                [
                    502.69230769230774,
                    186.15384615384616
                ],
                [
                    519.6153846153846,
                    197.43589743589743
                ],
                [
                    531.9230769230769,
                    335.8974358974359
                ],
                [
                    517.5641025641025,
                    349.2307692307692
                ],
                [
                    81.66666666666666,
                    354.35897435897436
                ],
                [
                    69.35897435897436,
                    338.974358974359
                ]
            ],
            "shape_type": "polygon",
            "flags": {}
        }
    ],
    "lineColor": [
        0,
        255,
        0,
        128
    ],
    "fillColor": [
        255,
        0,
        0,
        128
    ],
    "imagePath": "358.JPEG",
    "imageData": "",
    "imageHeight": 480,
    "imageWidth": 640
}