{
    "version": "5.0.2",
    "flags": {},
    "shapes": [
        {
            "label": "Back_ID_Card",
            "line_color": null,
            "fill_color": null,
            "points": [
                [
                    159.10256410256412,
                    58.46153846153846
                ],
                [
                    173.974358974359,
                    49.743589743589745
                ],
                [
                    496.53846153846155,
                    171.2820512820513
                ],
                [
                    505.76923076923083,
                    189.23076923076923
                ],
                [
                    420.12820512820514,
                    397.94871794871796
                ],
                [
                    396.02564102564105,
                    400.0
                ],
                [
                    81.15384615384616,
                    260.0
                ],
                [
                    75.0,
                    244.10256410256412
                ]
            ],
            "shape_type": "polygon",
            "flags": {}
        }
    ],
    "lineColor": [
        0,
        255,
        0,
        128
    ],
    "fillColor": [
        255,
        0,
        0,
        128
    ],
    "imagePath": "359.JPEG",
    "imageData": "",
    "imageHeight": 480,
    "imageWidth": 640
}