{
    "version": "5.0.2",
    "flags": {},
    "shapes": [
        {
            "label": "Back_ID_Card",
            "line_color": null,
            "fill_color": null,
            "points": [
                [
                    20.128205128205124,
                    54.871794871794876
                ],
                [
                    39.61538461538461,
                    31.28205128205128
                ],
                [
                    601.6666666666666,
                    28.205128205128204
                ],
                [
                    622.6923076923077,
                    49.743589743589745
                ],
                [
                    628.8461538461538,
                    392.8205128205128
                ],
                [
                    606.2820512820513,
                    415.3846153846154
                ],
                [
                    28.846153846153854,
                    413.3333333333333
                ],
                [
                    10.384615384615387,
                    386.6666666666667
                ]
            ],
            "shape_type": "polygon",
            "flags": {}
        }
    ],
    "lineColor": [
        0,
        255,
        0,
        128
    ],
    "fillColor": [
        255,
        0,
        0,
        128
    ],
    "imagePath": "360.JPEG",
    "imageData": "",
    "imageHeight": 480,
    "imageWidth": 640
}