{
    "version": "5.0.2",
    "flags": {},
    "shapes": [
        {
            "label": "Back_ID_Card",
            "line_color": null,
            "fill_color": null,
            "points": [
                [
                    24.230769230769226,
                    183.0769230769231
                ],
                [
                    41.15384615384616,
                    165.12820512820514
                ],
                [
                    589.8717948717949,
                    157.43589743589743
                ],
                [
                    604.2307692307693,
                    172.30769230769232
                ],
                [
                    613.4615384615385,
                    414.87179487179486
                ],
                [
                    597.5641025641025,
                    432.8205128205128
                ],
                [
                    49.358974358974365,
                    440.0
                ],
                [
                    33.46153846153847,
                    424.1025641025641
                ]
            ],
            "shape_type": "polygon",
            "flags": {}
        }
    ],
    "lineColor": [
        0,
        255,
        0,
        128
    ],
    "fillColor": [
        255,
        0,
        0,
        128
    ],
    "imagePath": "366.JPEG",
    "imageData": "",
    "imageHeight": 480,
    "imageWidth": 640
}