{
    "version": "5.0.2",
    "flags": {},
    "shapes": [
        {
            "label": "Back_ID_Card",
            "line_color": null,
            "fill_color": null,
            "points": [
                [
                    57.051282051282044,
                    212.82051282051282
                ],
                [
                    67.82051282051282,
                    202.56410256410257
                ],
                [
                    555.0,
                    199.4871794871795
                ],
                [
                    565.7692307692308,
                    204.6153846153846
                ],
                [
                    572.4358974358975,
                    298.974358974359
                ],
                [
                    562.6923076923077,
                    307.6923076923077
                ],
                [
                    68.84615384615384,
                    311.7948717948718
                ],
                [
                    61.66666666666666,
                    305.12820512820514
                ]
            ],
            "shape_type": "polygon",
            "flags": {}
        }
    ],
    "lineColor": [
        0,
        255,
        0,
        128
    ],
    "fillColor": [
        255,
        0,
        0,
        128
    ],
    "imagePath": "370.JPEG",
    "imageData": "",
    "imageHeight": 480,
    "imageWidth": 640
}