{
    "version": "5.0.2",
    "flags": {},
    "shapes": [
        {
            "label": "Back_ID_Card",
            "line_color": null,
            "fill_color": null,
            "points": [
                [
                    115.0,
                    201.02564102564102
                ],
                [
                    126.2820512820513,
                    191.7948717948718
                ],
                [
                    604.7435897435897,
                    186.15384615384616
                ],
                [
                    619.6153846153846,
                    195.3846153846154
                ],
                [
                    628.8461538461538,
                    293.3333333333333
                ],
                [
                    618.5897435897436,
                    304.1025641025641
                ],
                [
                    129.8717948717949,
                    305.64102564102564
                ],
                [
                    116.53846153846155,
                    295.3846153846154
                ]
            ],
            "shape_type": "polygon",
            "flags": {}
        }
    ],
    "lineColor": [
        0,
        255,
        0,
        128
    ],
    "fillColor": [
        255,
        0,
        0,
        128
    ],
    "imagePath": "371.JPEG",
    "imageData": "",
    "imageHeight": 480,
    "imageWidth": 640
}