{
    "version": "5.0.2",
    "flags": {},
    "shapes": [
        {
            "label": "Back_ID_Card",
            "line_color": null,
            "fill_color": null,
            "points": [
                [
                    242.69230769230768,
                    389.7435897435898
                ],
                [
                    233.974358974359,
                    377.43589743589746
                ],
                [
                    234.4871794871795,
                    37.43589743589744
                ],
                [
                    243.71794871794873,
                    24.102564102564102
                ],
                [
                    378.0769230769231,
                    22.564102564102566
                ],
                [
                    386.28205128205127,
                    34.35897435897436
                ],
                [
                    382.1794871794872,
                    383.5897435897436
                ],
                [
                    370.3846153846154,
                    394.87179487179486
                ]
            ],
            "shape_type": "polygon",
            "flags": {}
        }
    ],
    "lineColor": [
        0,
        255,
        0,
        128
    ],
    "fillColor": [
        255,
        0,
        0,
        128
    ],
    "imagePath": "373.JPEG",
    "imageData": "",
    "imageHeight": 480,
    "imageWidth": 640
}