{
    "version": "5.0.2",
    "flags": {},
    "shapes": [
        {
            "label": "Back_ID_Card",
            "line_color": null,
            "fill_color": null,
            "points": [
                [
                    527.3076923076924,
                    70.76923076923077
                ],
                [
                    557.0512820512821,
                    88.2051282051282
                ],
                [
                    535.5128205128206,
                    341.02564102564105
                ],
                [
                    516.5384615384615,
                    357.43589743589746
                ],
                [
                    73.46153846153845,
                    354.87179487179486
                ],
                [
                    55.0,
                    336.9230769230769
                ],
                [
                    52.948717948717956,
                    85.12820512820512
                ],
                [
                    69.35897435897436,
                    68.71794871794872
                ]
            ],
            "shape_type": "polygon",
            "flags": {}
        }
    ],
    "lineColor": [
        0,
        255,
        0,
        128
    ],
    "fillColor": [
        255,
        0,
        0,
        128
    ],
    "imagePath": "380.JPEG",
    "imageData": "",
    "imageHeight": 480,
    "imageWidth": 640
}