{
    "version": "5.0.2",
    "flags": {},
    "shapes": [
        {
            "label": "Back_ID_Card",
            "line_color": null,
            "fill_color": null,
            "points": [
                [
                    530.8974358974359,
                    10.76923076923077
                ],
                [
                    558.0769230769231,
                    28.205128205128204
                ],
                [
                    556.025641025641,
                    443.0769230769231
                ],
                [
                    536.025641025641,
                    462.05128205128204
                ],
                [
                    52.43589743589743,
                    463.0769230769231
                ],
                [
                    34.48717948717949,
                    441.53846153846155
                ],
                [
                    46.2820512820513,
                    18.461538461538463
                ],
                [
                    67.30769230769232,
                    4.102564102564103
                ]
            ],
            "shape_type": "polygon",
            "flags": {}
        }
    ],
    "lineColor": [
        0,
        255,
        0,
        128
    ],
    "fillColor": [
        255,
        0,
        0,
        128
    ],
    "imagePath": "381.JPEG",
    "imageData": "",
    "imageHeight": 480,
    "imageWidth": 640
}