{
    "version": "5.0.2",
    "flags": {},
    "shapes": [
        {
            "label": "Back_ID_Card",
            "line_color": null,
            "fill_color": null,
            "points": [
                [
                    18.58974358974359,
                    38.46153846153846
                ],
                [
                    39.1025641025641,
                    12.307692307692308
                ],
                [
                    570.8974358974359,
                    16.923076923076923
                ],
                [
                    589.8717948717949,
                    32.30769230769231
                ],
                [
                    607.3076923076924,
                    402.5641025641026
                ],
                [
                    584.7435897435897,
                    426.1538461538462
                ],
                [
                    31.41025641025641,
                    440.5128205128205
                ],
                [
                    13.974358974358978,
                    415.3846153846154
                ]
            ],
            "shape_type": "polygon",
            "flags": {}
        }
    ],
    "lineColor": [
        0,
        255,
        0,
        128
    ],
    "fillColor": [
        255,
        0,
        0,
        128
    ],
    "imagePath": "388.JPEG",
    "imageData": "",
    "imageHeight": 480,
    "imageWidth": 640
}