{
    "version": "5.0.2",
    "flags": {},
    "shapes": [
        {
            "label": "Back_ID_Card",
            "line_color": null,
            "fill_color": null,
            "points": [
                [
                    25.256410256410263,
                    24.615384615384617
                ],
                [
                    51.41025641025641,
                    0.5128205128205129
                ],
                [
                    620.1282051282052,
                    1.0256410256410258
                ],
                [
                    638.5897435897436,
                    24.102564102564102
                ],
                [
                    638.0769230769231,
                    465.12820512820514
                ],
                [
                    607.3076923076924,
                    478.974358974359
                ],
                [
                    51.923076923076934,
                    474.87179487179486
                ],
                [
                    33.46153846153847,
                    446.6666666666667
                ]
            ],
            "shape_type": "polygon",
            "flags": {}
        }
    ],
    "lineColor": [
        0,
        255,
        0,
        128
    ],
    "fillColor": [
        255,
        0,
        0,
        128
    ],
    "imagePath": "393.JPEG",
    "imageData": "",
    "imageHeight": 480,
    "imageWidth": 640
}