{
    "version": "5.0.2",
    "flags": {},
    "shapes": [
        {
            "label": "Back_ID_Card",
            "line_color": null,
            "fill_color": null,
            "points": [
                [
                    22.179487179487182,
                    36.92307692307693
                ],
                [
                    44.230769230769226,
                    10.256410256410257
                ],
                [
                    603.7179487179487,
                    10.76923076923077
                ],
                [
                    622.1794871794872,
                    26.153846153846153
                ],
                [
                    638.5897435897436,
                    433.84615384615387
                ],
                [
                    624.2307692307693,
                    453.33333333333337
                ],
                [
                    30.384615384615387,
                    470.2564102564103
                ],
                [
                    12.948717948717956,
                    444.1025641025641
                ]
            ],
            "shape_type": "polygon",
            "flags": {}
        }
    ],
    "lineColor": [
        0,
        255,
        0,
        128
    ],
    "fillColor": [
        255,
        0,
        0,
        128
    ],
    "imagePath": "404.JPEG",
    "imageData": "",
    "imageHeight": 480,
    "imageWidth": 640
}