{
    "version": "5.0.2",
    "flags": {},
    "shapes": [
        {
            "label": "Back_ID_Card",
            "line_color": null,
            "fill_color": null,
            "points": [
                [
                    9.871794871794876,
                    22.564102564102566
                ],
                [
                    36.53846153846155,
                    0.5128205128205129
                ],
                [
                    622.1794871794872,
                    13.333333333333334
                ],
                [
                    638.0769230769231,
                    31.794871794871796
                ],
                [
                    636.025641025641,
                    441.53846153846155
                ],
                [
                    615.0,
                    466.6666666666667
                ],
                [
                    21.15384615384616,
                    472.3076923076923
                ],
                [
                    6.282051282051285,
                    449.7435897435898
                ]
            ],
            "shape_type": "polygon",
            "flags": {}
        }
    ],
    "lineColor": [
        0,
        255,
        0,
        128
    ],
    "fillColor": [
        255,
        0,
        0,
        128
    ],
    "imagePath": "406.JPEG",
    "imageData": "",
    "imageHeight": 480,
    "imageWidth": 640
}