{
    "version": "5.0.2",
    "flags": {},
    "shapes": [
        {
            "label": "Back_ID_Card",
            "line_color": null,
            "fill_color": null,
            "points": [
                [
                    12.435897435897445,
                    39.48717948717949
                ],
                [
                    30.897435897435898,
                    16.410256410256412
                ],
                [
                    612.4358974358975,
                    13.846153846153847
                ],
                [
                    631.4102564102565,
                    29.23076923076923
                ],
                [
                    638.5897435897436,
                    421.53846153846155
                ],
                [
                    622.6923076923077,
                    437.94871794871796
                ],
                [
                    26.282051282051285,
                    448.20512820512823
                ],
                [
                    8.846153846153854,
                    427.6923076923077
                ]
            ],
            "shape_type": "polygon",
            "flags": {}
        }
    ],
    "lineColor": [
        0,
        255,
        0,
        128
    ],
    "fillColor": [
        255,
        0,
        0,
        128
    ],
    "imagePath": "410.JPEG",
    "imageData": "",
    "imageHeight": 480,
    "imageWidth": 640
}