{
    "version": "5.0.2",
    "flags": {},
    "shapes": [
        {
            "label": "Back_ID_Card",
            "line_color": null,
            "fill_color": null,
            "points": [
                [
                    28.333333333333343,
                    53.84615384615385
                ],
                [
                    43.71794871794873,
                    29.23076923076923
                ],
                [
                    561.6666666666666,
                    21.53846153846154
                ],
                [
                    578.5897435897436,
                    35.8974358974359
                ],
                [
                    608.8461538461538,
                    421.53846153846155
                ],
                [
                    594.4871794871794,
                    445.12820512820514
                ],
                [
                    44.230769230769226,
                    466.6666666666667
                ],
                [
                    25.256410256410263,
                    442.5641025641026
                ]
            ],
            "shape_type": "polygon",
            "flags": {}
        }
    ],
    "lineColor": [
        0,
        255,
        0,
        128
    ],
    "fillColor": [
        255,
        0,
        0,
        128
    ],
    "imagePath": "418.JPEG",
    "imageData": "",
    "imageHeight": 480,
    "imageWidth": 640
}