{
    "version": "5.0.2",
    "flags": {},
    "shapes": [
        {
            "label": "Back_ID_Card",
            "line_color": null,
            "fill_color": null,
            "points": [
                [
                    25.256410256410263,
                    152.82051282051282
                ],
                [
                    35.0,
                    141.53846153846155
                ],
                [
                    612.4358974358975,
                    130.76923076923077
                ],
                [
                    628.3333333333334,
                    138.97435897435898
                ],
                [
                    639,
                    266
                ],
                [
                    626.2820512820513,
                    271.28205128205127
                ],
                [
                    35.51282051282051,
                    277.43589743589746
                ],
                [
                    19.615384615384613,
                    269.2307692307692
                ]
            ],
            "shape_type": "polygon",
            "flags": {}
        }
    ],
    "lineColor": [
        0,
        255,
        0,
        128
    ],
    "fillColor": [
        255,
        0,
        0,
        128
    ],
    "imagePath": "427.JPEG",
    "imageData": "",
    "imageHeight": 480,
    "imageWidth": 640
}