{
    "version": "5.0.2",
    "flags": {},
    "shapes": [
        {
            "label": "Back_ID_Card",
            "line_color": null,
            "fill_color": null,
            "points": [
                [
                    22.692307692307693,
                    64.61538461538461
                ],
                [
                    41.66666666666667,
                    38.46153846153846
                ],
                [
                    587.8205128205128,
                    26.153846153846153
                ],
                [
                    608.3333333333334,
                    40.51282051282051
                ],
                [
                    622.1794871794872,
                    415.3846153846154
                ],
                [
                    604.2307692307693,
                    435.3846153846154
                ],
                [
                    39.1025641025641,
                    448.20512820512823
                ],
                [
                    21.66666666666667,
                    425.12820512820514
                ]
            ],
            "shape_type": "polygon",
            "flags": {}
        }
    ],
    "lineColor": [
        0,
        255,
        0,
        128
    ],
    "fillColor": [
        255,
        0,
        0,
        128
    ],
    "imagePath": "430.JPEG",
    "imageData": "",
    "imageHeight": 480,
    "imageWidth": 640
}