{
    "version": "5.0.2",
    "flags": {},
    "shapes": [
        {
            "label": "Back_ID_Card",
            "line_color": null,
            "fill_color": null,
            "points": [
                [
                    26.282051282051285,
                    124.1025641025641
                ],
                [
                    42.17948717948718,
                    99.48717948717949
                ],
                [
                    577.0512820512821,
                    94.35897435897436
                ],
                [
                    592.4358974358975,
                    105.12820512820512
                ],
                [
                    584.2307692307693,
                    364.61538461538464
                ],
                [
                    562.6923076923077,
                    381.02564102564105
                ],
                [
                    52.43589743589743,
                    377.43589743589746
                ],
                [
                    38.58974358974359,
                    358.974358974359
                ]
            ],
            "shape_type": "polygon",
            "flags": {}
        }
    ],
    "lineColor": [
        0,
        255,
        0,
        128
    ],
    "fillColor": [
        255,
        0,
        0,
        128
    ],
    "imagePath": "433.JPEG",
    "imageData": "",
    "imageHeight": 480,
    "imageWidth": 640
}