{
    "version": "5.0.2",
    "flags": {},
    "shapes": [
        {
            "label": "Back_ID_Card",
            "line_color": null,
            "fill_color": null,
            "points": [
                [
                    115.51282051282053,
                    84.1025641025641
                ],
                [
                    130.8974358974359,
                    63.07692307692308
                ],
                [
                    545.7692307692308,
                    72.82051282051282
                ],
                [
                    564.7435897435897,
                    89.23076923076923
                ],
                [
                    576.5384615384615,
                    400.0
                ],
                [
                    566.2820512820513,
                    416.9230769230769
                ],
                [
                    109.35897435897436,
                    413.3333333333333
                ],
                [
                    100.12820512820514,
                    394.35897435897436
                ]
            ],
            "shape_type": "polygon",
            "flags": {}
        }
    ],
    "lineColor": [
        0,
        255,
        0,
        128
    ],
    "fillColor": [
        255,
        0,
        0,
        128
    ],
    "imagePath": "445.JPEG",
    "imageData": "",
    "imageHeight": 480,
    "imageWidth": 640
}