{
    "version": "5.0.2",
    "flags": {},
    "shapes": [
        {
            "label": "Back_ID_Card",
            "line_color": null,
            "fill_color": null,
            "points": [
                [
                    6.794871794871796,
                    28.205128205128204
                ],
                [
                    28.333333333333343,
                    4.102564102564103
                ],
                [
                    613.974358974359,
                    15.897435897435898
                ],
                [
                    633.974358974359,
                    37.43589743589744
                ],
                [
                    638.0769230769231,
                    446.6666666666667
                ],
                [
                    618.0769230769231,
                    469.2307692307692
                ],
                [
                    24.230769230769226,
                    471.7948717948718
                ],
                [
                    2.6923076923076934,
                    442.5641025641026
                ]
            ],
            "shape_type": "polygon",
            "flags": {}
        }
    ],
    "lineColor": [
        0,
        255,
        0,
        128
    ],
    "fillColor": [
        255,
        0,
        0,
        128
    ],
    "imagePath": "448.JPEG",
    "imageData": "",
    "imageHeight": 480,
    "imageWidth": 640
}