{
    "version": "5.0.2",
    "flags": {},
    "shapes": [
        {
            "label": "Back_ID_Card",
            "line_color": null,
            "fill_color": null,
            "points": [
                [
                    587.8205128205128,
                    11.794871794871796
                ],
                [
                    602.1794871794872,
                    22.05128205128205
                ],
                [
                    584.2307692307693,
                    456.9230769230769
                ],
                [
                    569.8717948717949,
                    471.28205128205127
                ],
                [
                    17.051282051282058,
                    470.2564102564103
                ],
                [
                    5.256410256410263,
                    452.3076923076923
                ],
                [
                    10.384615384615387,
                    23.076923076923077
                ],
                [
                    35.0,
                    3.076923076923077
                ]
            ],
            "shape_type": "polygon",
            "flags": {}
        }
    ],
    "lineColor": [
        0,
        255,
        0,
        128
    ],
    "fillColor": [
        255,
        0,
        0,
        128
    ],
    "imagePath": "449.JPEG",
    "imageData": "",
    "imageHeight": 480,
    "imageWidth": 640
}