{
    "version": "5.0.2",
    "flags": {},
    "shapes": [
        {
            "label": "Back_ID_Card",
            "line_color": null,
            "fill_color": null,
            "points": [
                [
                    22.179487179487182,
                    26.666666666666668
                ],
                [
                    43.71794871794873,
                    4.615384615384616
                ],
                [
                    603.7179487179487,
                    7.6923076923076925
                ],
                [
                    623.7179487179487,
                    26.153846153846153
                ],
                [
                    639,
                    447
                ],
                [
                    624.2307692307693,
                    466.6666666666667
                ],
                [
                    20.64102564102565,
                    461.53846153846155
                ],
                [
                    4.230769230769226,
                    435.3846153846154
                ]
            ],
            "shape_type": "polygon",
            "flags": {}
        }
    ],
    "lineColor": [
        0,
        255,
        0,
        128
    ],
    "fillColor": [
        255,
        0,
        0,
        128
    ],
    "imagePath": "453.JPEG",
    "imageData": "",
    "imageHeight": 480,
    "imageWidth": 640
}