{
    "version": "5.0.2",
    "flags": {},
    "shapes": [
        {
            "label": "Back_ID_Card",
            "line_color": null,
            "fill_color": null,
            "points": [
                [
                    14.487179487179489,
                    79.48717948717949
                ],
                [
                    36.53846153846155,
                    52.820512820512825
                ],
                [
                    600.1282051282052,
                    52.30769230769231
                ],
                [
                    621.1538461538462,
                    72.3076923076923
                ],
                [
                    607.8205128205128,
                    438.46153846153845
                ],
                [
                    584.2307692307693,
                    455.8974358974359
                ],
                [
                    41.15384615384616,
                    426.1538461538462
                ],
                [
                    24.74358974358975,
                    402.05128205128204
                ]
            ],
            "shape_type": "polygon",
            "flags": {}
        }
    ],
    "lineColor": [
        0,
        255,
        0,
        128
    ],
    "fillColor": [
        255,
        0,
        0,
        128
    ],
    "imagePath": "457.JPEG",
    "imageData": "",
    "imageHeight": 480,
    "imageWidth": 640
}