{
    "version": "5.0.2",
    "flags": {},
    "shapes": [
        {
            "label": "Back_ID_Card",
            "line_color": null,
            "fill_color": null,
            "points": [
                [
                    78.0769230769231,
                    140.51282051282053
                ],
                [
                    91.92307692307693,
                    124.61538461538461
                ],
                [
                    469.35897435897436,
                    124.1025641025641
                ],
                [
                    483.71794871794873,
                    138.46153846153845
                ],
                [
                    498.0769230769231,
                    453.84615384615387
                ],
                [
                    486.28205128205127,
                    473.33333333333337
                ],
                [
                    74.4871794871795,
                    474.87179487179486
                ],
                [
                    62.69230769230771,
                    455.3846153846154
                ]
            ],
            "shape_type": "polygon",
            "flags": {}
        }
    ],
    "lineColor": [
        0,
        255,
        0,
        128
    ],
    "fillColor": [
        255,
        0,
        0,
        128
    ],
    "imagePath": "458.JPEG",
    "imageData": "",
    "imageHeight": 480,
    "imageWidth": 640
}