{
    "version": "5.0.2",
    "flags": {},
    "shapes": [
        {
            "label": "Back_ID_Card",
            "line_color": null,
            "fill_color": null,
            "points": [
                [
                    31.92307692307692,
                    45.64102564102564
                ],
                [
                    52.43589743589743,
                    22.564102564102566
                ],
                [
                    602.1794871794872,
                    24.615384615384617
                ],
                [
                    618.5897435897436,
                    39.48717948717949
                ],
                [
                    616.5384615384615,
                    436.9230769230769
                ],
                [
                    593.4615384615385,
                    454.87179487179486
                ],
                [
                    51.923076923076934,
                    454.87179487179486
                ],
                [
                    32.948717948717956,
                    430.7692307692308
                ]
            ],
            "shape_type": "polygon",
            "flags": {}
        }
    ],
    "lineColor": [
        0,
        255,
        0,
        128
    ],
    "fillColor": [
        255,
        0,
        0,
        128
    ],
    "imagePath": "462.JPEG",
    "imageData": "",
    "imageHeight": 480,
    "imageWidth": 640
}