{
    "version": "5.0.2",
    "flags": {},
    "shapes": [
        {
            "label": "Back_ID_Card",
            "line_color": null,
            "fill_color": null,
            "points": [
                [
                    598.0769230769231,
                    5.128205128205129
                ],
                [
                    626.2820512820513,
                    23.076923076923077
                ],
                [
                    638.0769230769231,
                    461.02564102564105
                ],
                [
                    613.4615384615385,
                    471.7948717948718
                ],
                [
                    20.128205128205124,
                    475.3846153846154
                ],
                [
                    1.6666666666666714,
                    450.2564102564103
                ],
                [
                    6.282051282051285,
                    23.076923076923077
                ],
                [
                    31.41025641025641,
                    5.641025641025641
                ]
            ],
            "shape_type": "polygon",
            "flags": {}
        }
    ],
    "lineColor": [
        0,
        255,
        0,
        128
    ],
    "fillColor": [
        255,
        0,
        0,
        128
    ],
    "imagePath": "464.JPEG",
    "imageData": "",
    "imageHeight": 480,
    "imageWidth": 640
}