{
    "version": "5.0.2",
    "flags": {},
    "shapes": [
        {
            "label": "Back_ID_Card",
            "line_color": null,
            "fill_color": null,
            "points": [
                [
                    26.794871794871796,
                    39.48717948717949
                ],
                [
                    45.25641025641025,
                    15.384615384615385
                ],
                [
                    586.2820512820513,
                    14.871794871794872
                ],
                [
                    607.3076923076924,
                    33.84615384615385
                ],
                [
                    612.948717948718,
                    442.05128205128204
                ],
                [
                    593.4615384615385,
                    463.5897435897436
                ],
                [
                    34.48717948717949,
                    460.5128205128205
                ],
                [
                    19.102564102564102,
                    437.94871794871796
                ]
            ],
            "shape_type": "polygon",
            "flags": {}
        }
    ],
    "lineColor": [
        0,
        255,
        0,
        128
    ],
    "fillColor": [
        255,
        0,
        0,
        128
    ],
    "imagePath": "465.JPEG",
    "imageData": "",
    "imageHeight": 480,
    "imageWidth": 640
}