{
    "version": "5.0.2",
    "flags": {},
    "shapes": [
        {
            "label": "Back_ID_Card",
            "line_color": null,
            "fill_color": null,
            "points": [
                [
                    12.435897435897445,
                    78.97435897435898
                ],
                [
                    27.820512820512818,
                    52.30769230769231
                ],
                [
                    594.4871794871794,
                    62.56410256410256
                ],
                [
                    611.4102564102565,
                    83.07692307692308
                ],
                [
                    619.6153846153846,
                    406.6666666666667
                ],
                [
                    601.1538461538462,
                    429.2307692307692
                ],
                [
                    21.15384615384616,
                    435.8974358974359
                ],
                [
                    3.7179487179487154,
                    414.35897435897436
                ]
            ],
            "shape_type": "polygon",
            "flags": {}
        }
    ],
    "lineColor": [
        0,
        255,
        0,
        128
    ],
    "fillColor": [
        255,
        0,
        0,
        128
    ],
    "imagePath": "474.JPEG",
    "imageData": "",
    "imageHeight": 480,
    "imageWidth": 640
}