{
    "version": "5.0.2",
    "flags": {},
    "shapes": [
        {
            "label": "Back_ID_Card",
            "line_color": null,
            "fill_color": null,
            "points": [
                [
                    21.66666666666667,
                    27.692307692307693
                ],
                [
                    43.71794871794873,
                    3.076923076923077
                ],
                [
                    606.2820512820513,
                    7.17948717948718
                ],
                [
                    620.6410256410256,
                    22.564102564102566
                ],
                [
                    633.974358974359,
                    435.3846153846154
                ],
                [
                    615.0,
                    456.4102564102564
                ],
                [
                    31.92307692307692,
                    474.87179487179486
                ],
                [
                    14.487179487179489,
                    451.7948717948718
                ]
            ],
            "shape_type": "polygon",
            "flags": {}
        }
    ],
    "lineColor": [
        0,
        255,
        0,
        128
    ],
    "fillColor": [
        255,
        0,
        0,
        128
    ],
    "imagePath": "483.JPEG",
    "imageData": "",
    "imageHeight": 480,
    "imageWidth": 640
}