{
    "version": "5.0.2",
    "flags": {},
    "shapes": [
        {
            "label": "Back_ID_Card",
            "line_color": null,
            "fill_color": null,
            "points": [
                [
                    24.74358974358975,
                    39.48717948717949
                ],
                [
                    45.25641025641025,
                    14.871794871794872
                ],
                [
                    615.0,
                    20.512820512820515
                ],
                [
                    633.974358974359,
                    44.61538461538461
                ],
                [
                    631.4102564102565,
                    442.05128205128204
                ],
                [
                    611.4102564102565,
                    461.53846153846155
                ],
                [
                    44.74358974358975,
                    469.7435897435898
                ],
                [
                    28.846153846153854,
                    448.20512820512823
                ]
            ],
            "shape_type": "polygon",
            "flags": {}
        }
    ],
    "lineColor": [
        0,
        255,
        0,
        128
    ],
    "fillColor": [
        255,
        0,
        0,
        128
    ],
    "imagePath": "484.JPEG",
    "imageData": "",
    "imageHeight": 480,
    "imageWidth": 640
}