{
    "version": "5.0.2",
    "flags": {},
    "shapes": [
        {
            "label": "Back_ID_Card",
            "line_color": null,
            "fill_color": null,
            "points": [
                [
                    556.025641025641,
                    11.794871794871796
                ],
                [
                    589.3589743589744,
                    31.794871794871796
                ],
                [
                    597.5641025641025,
                    415.3846153846154
                ],
                [
                    579.1025641025641,
                    436.9230769230769
                ],
                [
                    44.74358974358975,
                    448.71794871794873
                ],
                [
                    27.820512820512818,
                    429.2307692307692
                ],
                [
                    0,
                    51
                ],
                [
                    11.410256410256409,
                    23.076923076923077
                ]
            ],
            "shape_type": "polygon",
            "flags": {}
        }
    ],
    "lineColor": [
        0,
        255,
        0,
        128
    ],
    "fillColor": [
        255,
        0,
        0,
        128
    ],
    "imagePath": "488.JPEG",
    "imageData": "",
    "imageHeight": 480,
    "imageWidth": 640
}