{
    "version": "5.0.2",
    "flags": {},
    "shapes": [
        {
            "label": "Back_ID_Card",
            "line_color": null,
            "fill_color": null,
            "points": [
                [
                    580.6410256410256,
                    7.17948717948718
                ],
                [
                    610.3846153846154,
                    23.076923076923077
                ],
                [
                    612.4358974358975,
                    449.7435897435898
                ],
                [
                    592.948717948718,
                    466.6666666666667
                ],
                [
                    36.53846153846155,
                    478.46153846153845
                ],
                [
                    18.07692307692308,
                    462.5641025641026
                ],
                [
                    12.948717948717956,
                    18.461538461538463
                ],
                [
                    42.17948717948718,
                    1.0256410256410258
                ]
            ],
            "shape_type": "polygon",
            "flags": {}
        }
    ],
    "lineColor": [
        0,
        255,
        0,
        128
    ],
    "fillColor": [
        255,
        0,
        0,
        128
    ],
    "imagePath": "492.JPEG",
    "imageData": "",
    "imageHeight": 480,
    "imageWidth": 640
}