{
    "version": "5.0.2",
    "flags": {},
    "shapes": [
        {
            "label": "Back_ID_Card",
            "line_color": null,
            "fill_color": null,
            "points": [
                [
                    563.7179487179487,
                    15.384615384615385
                ],
                [
                    590.3846153846154,
                    32.820512820512825
                ],
                [
                    560.6410256410256,
                    451.28205128205127
                ],
                [
                    542.6923076923077,
                    468.20512820512823
                ],
                [
                    99.10256410256412,
                    464.61538461538464
                ],
                [
                    83.71794871794873,
                    446.6666666666667
                ],
                [
                    88.84615384615384,
                    21.025641025641026
                ],
                [
                    111.41025641025641,
                    6.666666666666667
                ]
            ],
            "shape_type": "polygon",
            "flags": {}
        }
    ],
    "lineColor": [
        0,
        255,
        0,
        128
    ],
    "fillColor": [
        255,
        0,
        0,
        128
    ],
    "imagePath": "494.JPEG",
    "imageData": "",
    "imageHeight": 480,
    "imageWidth": 640
}