{
    "version": "5.0.2",
    "flags": {},
    "shapes": [
        {
            "label": "Back_ID_Card",
            "line_color": null,
            "fill_color": null,
            "points": [
                [
                    6.794871794871796,
                    36.41025641025641
                ],
                [
                    27.307692307692307,
                    10.76923076923077
                ],
                [
                    602.6923076923077,
                    14.871794871794872
                ],
                [
                    620.1282051282052,
                    36.92307692307693
                ],
                [
                    620.6410256410256,
                    422.5641025641026
                ],
                [
                    602.6923076923077,
                    440.5128205128205
                ],
                [
                    23.717948717948715,
                    449.7435897435898
                ],
                [
                    8.333333333333329,
                    430.2564102564103
                ]
            ],
            "shape_type": "polygon",
            "flags": {}
        }
    ],
    "lineColor": [
        0,
        255,
        0,
        128
    ],
    "fillColor": [
        255,
        0,
        0,
        128
    ],
    "imagePath": "496.JPEG",
    "imageData": "",
    "imageHeight": 480,
    "imageWidth": 640
}