{
    "version": "5.0.2",
    "flags": {},
    "shapes": [
        {
            "label": "Back_ID_Card",
            "line_color": null,
            "fill_color": null,
            "points": [
                [
                    551.4102564102565,
                    52.820512820512825
                ],
                [
                    582.1794871794872,
                    71.7948717948718
                ],
                [
                    639,
                    439
                ],
                [
                    627.8205128205128,
                    465.12820512820514
                ],
                [
                    48.84615384615384,
                    476.4102564102564
                ],
                [
                    35.51282051282051,
                    466.1538461538462
                ],
                [
                    12.948717948717956,
                    71.28205128205128
                ],
                [
                    33.97435897435898,
                    57.94871794871795
                ]
            ],
            "shape_type": "polygon",
            "flags": {}
        }
    ],
    "lineColor": [
        0,
        255,
        0,
        128
    ],
    "fillColor": [
        255,
        0,
        0,
        128
    ],
    "imagePath": "499.JPEG",
    "imageData": "",
    "imageHeight": 480,
    "imageWidth": 640
}