{
    "version": "5.0.2",
    "flags": {},
    "shapes": [
        {
            "label": "Back_ID_Card",
            "line_color": null,
            "fill_color": null,
            "points": [
                [
                    580.1282051282052,
                    8.205128205128206
                ],
                [
                    614.4871794871794,
                    26.153846153846153
                ],
                [
                    638.5897435897436,
                    435.3846153846154
                ],
                [
                    617.0512820512821,
                    457.94871794871796
                ],
                [
                    12.948717948717956,
                    462.5641025641026
                ],
                [
                    0,
                    432
                ],
                [
                    10.897435897435898,
                    25.641025641025642
                ],
                [
                    36.02564102564102,
                    7.6923076923076925
                ]
            ],
            "shape_type": "polygon",
            "flags": {}
        }
    ],
    "lineColor": [
        0,
        255,
        0,
        128
    ],
    "fillColor": [
        255,
        0,
        0,
        128
    ],
    "imagePath": "513.JPEG",
    "imageData": "",
    "imageHeight": 480,
    "imageWidth": 640
}