{
    "version": "5.0.2",
    "flags": {},
    "shapes": [
        {
            "label": "Back_ID_Card",
            "line_color": null,
            "fill_color": null,
            "points": [
                [
                    31.92307692307692,
                    28.205128205128204
                ],
                [
                    53.97435897435898,
                    6.666666666666667
                ],
                [
                    590.8974358974359,
                    5.641025641025641
                ],
                [
                    612.4358974358975,
                    25.641025641025642
                ],
                [
                    623.2051282051282,
                    418.974358974359
                ],
                [
                    601.6666666666666,
                    438.974358974359
                ],
                [
                    23.717948717948715,
                    431.28205128205127
                ],
                [
                    10.384615384615387,
                    409.2307692307692
                ]
            ],
            "shape_type": "polygon",
            "flags": {}
        }
    ],
    "lineColor": [
        0,
        255,
        0,
        128
    ],
    "fillColor": [
        255,
        0,
        0,
        128
    ],
    "imagePath": "531.JPEG",
    "imageData": "",
    "imageHeight": 480,
    "imageWidth": 640
}