{
    "version": "5.0.2",
    "flags": {},
    "shapes": [
        {
            "label": "Back_ID_Card",
            "line_color": null,
            "fill_color": null,
            "points": [
                [
                    8.846153846153854,
                    59.48717948717949
                ],
                [
                    28.846153846153854,
                    31.28205128205128
                ],
                [
                    595.5128205128206,
                    9.230769230769232
                ],
                [
                    618.5897435897436,
                    28.205128205128204
                ],
                [
                    634.4871794871796,
                    414.35897435897436
                ],
                [
                    614.4871794871794,
                    438.46153846153845
                ],
                [
                    39.1025641025641,
                    468.71794871794873
                ],
                [
                    21.15384615384616,
                    445.12820512820514
                ]
            ],
            "shape_type": "polygon",
            "flags": {}
        }
    ],
    "lineColor": [
        0,
        255,
        0,
        128
    ],
    "fillColor": [
        255,
        0,
        0,
        128
    ],
    "imagePath": "537.JPEG",
    "imageData": "",
    "imageHeight": 480,
    "imageWidth": 640
}