{
    "version": "5.0.2",
    "flags": {},
    "shapes": [
        {
            "label": "Back_ID_Card",
            "line_color": null,
            "fill_color": null,
            "points": [
                [
                    507.3076923076924,
                    23.076923076923077
                ],
                [
                    531.4102564102565,
                    37.43589743589744
                ],
                [
                    490.38461538461536,
                    418.46153846153845
                ],
                [
                    475.0,
                    431.28205128205127
                ],
                [
                    60.12820512820514,
                    425.64102564102564
                ],
                [
                    47.30769230769232,
                    410.7692307692308
                ],
                [
                    45.25641025641025,
                    27.692307692307693
                ],
                [
                    67.30769230769232,
                    11.282051282051283
                ]
            ],
            "shape_type": "polygon",
            "flags": {}
        }
    ],
    "lineColor": [
        0,
        255,
        0,
        128
    ],
    "fillColor": [
        255,
        0,
        0,
        128
    ],
    "imagePath": "543.jpeg",
    "imageData": "",
    "imageHeight": 480,
    "imageWidth": 640
}