{
    "version": "5.0.2",
    "flags": {},
    "shapes": [
        {
            "label": "Back_ID_Card",
            "line_color": null,
            "fill_color": null,
            "points": [
                [
                    28.846153846153854,
                    33.333333333333336
                ],
                [
                    45.25641025641025,
                    12.307692307692308
                ],
                [
                    585.2564102564103,
                    17.435897435897438
                ],
                [
                    612.948717948718,
                    37.43589743589744
                ],
                [
                    611.4102564102565,
                    457.43589743589746
                ],
                [
                    593.4615384615385,
                    474.35897435897436
                ],
                [
                    28.333333333333343,
                    455.3846153846154
                ],
                [
                    12.435897435897445,
                    428.20512820512823
                ]
            ],
            "shape_type": "polygon",
            "flags": {}
        }
    ],
    "lineColor": [
        0,
        255,
        0,
        128
    ],
    "fillColor": [
        255,
        0,
        0,
        128
    ],
    "imagePath": "545.JPEG",
    "imageData": "",
    "imageHeight": 480,
    "imageWidth": 640
}