{
    "version": "5.0.2",
    "flags": {},
    "shapes": [
        {
            "label": "Back_ID_Card",
            "line_color": null,
            "fill_color": null,
            "points": [
                [
                    9.358974358974365,
                    26.153846153846153
                ],
                [
                    30.897435897435898,
                    2.5641025641025643
                ],
                [
                    597.5641025641025,
                    6.153846153846154
                ],
                [
                    623.2051282051282,
                    28.71794871794872
                ],
                [
                    638.0769230769231,
                    447.6923076923077
                ],
                [
                    625.2564102564103,
                    466.1538461538462
                ],
                [
                    18.07692307692308,
                    472.8205128205128
                ],
                [
                    1.6666666666666714,
                    447.6923076923077
                ]
            ],
            "shape_type": "polygon",
            "flags": {}
        }
    ],
    "lineColor": [
        0,
        255,
        0,
        128
    ],
    "fillColor": [
        255,
        0,
        0,
        128
    ],
    "imagePath": "553.JPEG",
    "imageData": "",
    "imageHeight": 480,
    "imageWidth": 640
}