{
    "version": "5.0.2",
    "flags": {},
    "shapes": [
        {
            "label": "Back_ID_Card",
            "line_color": null,
            "fill_color": null,
            "points": [
                [
                    12.948717948717956,
                    43.58974358974359
                ],
                [
                    33.46153846153847,
                    19.48717948717949
                ],
                [
                    602.1794871794872,
                    19.48717948717949
                ],
                [
                    623.2051282051282,
                    40.0
                ],
                [
                    620.1282051282052,
                    443.5897435897436
                ],
                [
                    600.1282051282052,
                    458.974358974359
                ],
                [
                    32.948717948717956,
                    460.0
                ],
                [
                    17.051282051282058,
                    431.7948717948718
                ]
            ],
            "shape_type": "polygon",
            "flags": {}
        }
    ],
    "lineColor": [
        0,
        255,
        0,
        128
    ],
    "fillColor": [
        255,
        0,
        0,
        128
    ],
    "imagePath": "558.JPEG",
    "imageData": "",
    "imageHeight": 480,
    "imageWidth": 640
}