{
    "version": "5.0.2",
    "flags": {},
    "shapes": [
        {
            "label": "Back_ID_Card",
            "line_color": null,
            "fill_color": null,
            "points": [
                [
                    32.948717948717956,
                    49.23076923076923
                ],
                [
                    52.948717948717956,
                    28.205128205128204
                ],
                [
                    603.2051282051282,
                    20.512820512820515
                ],
                [
                    623.2051282051282,
                    36.92307692307693
                ],
                [
                    637.5641025641025,
                    435.3846153846154
                ],
                [
                    622.1794871794872,
                    451.7948717948718
                ],
                [
                    29.871794871794876,
                    461.02564102564105
                ],
                [
                    20.64102564102565,
                    441.02564102564105
                ]
            ],
            "shape_type": "polygon",
            "flags": {}
        }
    ],
    "lineColor": [
        0,
        255,
        0,
        128
    ],
    "fillColor": [
        255,
        0,
        0,
        128
    ],
    "imagePath": "559.JPEG",
    "imageData": "",
    "imageHeight": 480,
    "imageWidth": 640
}