{
    "version": "5.0.2",
    "flags": {},
    "shapes": [
        {
            "label": "Back_ID_Card",
            "line_color": null,
            "fill_color": null,
            "points": [
                [
                    0.1282051282051242,
                    61.02564102564103
                ],
                [
                    20.64102564102565,
                    37.43589743589744
                ],
                [
                    604.2307692307693,
                    27.17948717948718
                ],
                [
                    623.7179487179487,
                    50.769230769230774
                ],
                [
                    628.3333333333334,
                    433.33333333333337
                ],
                [
                    610.8974358974359,
                    457.43589743589746
                ],
                [
                    36.53846153846155,
                    477.43589743589746
                ],
                [
                    13.461538461538467,
                    451.7948717948718
                ]
            ],
            "shape_type": "polygon",
            "flags": {}
        }
    ],
    "lineColor": [
        0,
        255,
        0,
        128
    ],
    "fillColor": [
        255,
        0,
        0,
        128
    ],
    "imagePath": "560.JPEG",
    "imageData": "",
    "imageHeight": 480,
    "imageWidth": 640
}