{
    "version": "5.0.2",
    "flags": {},
    "shapes": [
        {
            "label": "Back_ID_Card",
            "line_color": null,
            "fill_color": null,
            "points": [
                [
                    579.6153846153846,
                    17.435897435897438
                ],
                [
                    605.2564102564103,
                    39.48717948717949
                ],
                [
                    556.025641025641,
                    430.2564102564103
                ],
                [
                    545.2564102564103,
                    444.61538461538464
                ],
                [
                    102.69230769230771,
                    443.0769230769231
                ],
                [
                    90.38461538461539,
                    426.6666666666667
                ],
                [
                    13.461538461538467,
                    38.97435897435898
                ],
                [
                    37.56410256410257,
                    16.410256410256412
                ]
            ],
            "shape_type": "polygon",
            "flags": {}
        }
    ],
    "lineColor": [
        0,
        255,
        0,
        128
    ],
    "fillColor": [
        255,
        0,
        0,
        128
    ],
    "imagePath": "564.JPEG",
    "imageData": "",
    "imageHeight": 480,
    "imageWidth": 640
}