{
    "version": "5.0.2",
    "flags": {},
    "shapes": [
        {
            "label": "Back_ID_Card",
            "line_color": null,
            "fill_color": null,
            "points": [
                [
                    1.1538461538461604,
                    30.76923076923077
                ],
                [
                    21.66666666666667,
                    13.333333333333334
                ],
                [
                    617.5641025641025,
                    21.025641025641026
                ],
                [
                    634.4871794871796,
                    44.61538461538461
                ],
                [
                    637.0512820512821,
                    427.6923076923077
                ],
                [
                    622.1794871794872,
                    448.71794871794873
                ],
                [
                    13.461538461538467,
                    456.4102564102564
                ],
                [
                    0,
                    428
                ]
            ],
            "shape_type": "polygon",
            "flags": {}
        }
    ],
    "lineColor": [
        0,
        255,
        0,
        128
    ],
    "fillColor": [
        255,
        0,
        0,
        128
    ],
    "imagePath": "565.JPEG",
    "imageData": "",
    "imageHeight": 480,
    "imageWidth": 640
}