{
    "version": "5.0.2",
    "flags": {},
    "shapes": [
        {
            "label": "Back_ID_Card",
            "line_color": null,
            "fill_color": null,
            "points": [
                [
                    32.948717948717956,
                    39.48717948717949
                ],
                [
                    60.641025641025635,
                    14.35897435897436
                ],
                [
                    598.0769230769231,
                    46.666666666666664
                ],
                [
                    617.5641025641025,
                    67.17948717948718
                ],
                [
                    628.8461538461538,
                    432.8205128205128
                ],
                [
                    614.4871794871794,
                    453.84615384615387
                ],
                [
                    39.61538461538461,
                    460.0
                ],
                [
                    24.74358974358975,
                    430.7692307692308
                ]
            ],
            "shape_type": "polygon",
            "flags": {}
        }
    ],
    "lineColor": [
        0,
        255,
        0,
        128
    ],
    "fillColor": [
        255,
        0,
        0,
        128
    ],
    "imagePath": "575.JPEG",
    "imageData": "",
    "imageHeight": 480,
    "imageWidth": 640
}