{
    "version": "5.0.2",
    "flags": {},
    "shapes": [
        {
            "label": "Back_ID_Card",
            "line_color": null,
            "fill_color": null,
            "points": [
                [
                    10.897435897435898,
                    46.666666666666664
                ],
                [
                    29.358974358974365,
                    24.615384615384617
                ],
                [
                    595.0,
                    14.35897435897436
                ],
                [
                    619.6153846153846,
                    30.256410256410255
                ],
                [
                    635.0,
                    429.2307692307692
                ],
                [
                    606.7948717948718,
                    449.7435897435898
                ],
                [
                    37.05128205128206,
                    477.94871794871796
                ],
                [
                    17.56410256410257,
                    453.84615384615387
                ]
            ],
            "shape_type": "polygon",
            "flags": {}
        }
    ],
    "lineColor": [
        0,
        255,
        0,
        128
    ],
    "fillColor": [
        255,
        0,
        0,
        128
    ],
    "imagePath": "576.JPEG",
    "imageData": "",
    "imageHeight": 480,
    "imageWidth": 640
}