{
    "version": "5.0.2",
    "flags": {},
    "shapes": [
        {
            "label": "Back_ID_Card",
            "line_color": null,
            "fill_color": null,
            "points": [
                [
                    616.025641025641,
                    13.846153846153847
                ],
                [
                    639,
                    31
                ],
                [
                    629.8717948717949,
                    424.1025641025641
                ],
                [
                    615.0,
                    440.0
                ],
                [
                    104.23076923076923,
                    476.4102564102564
                ],
                [
                    79.10256410256412,
                    464.61538461538464
                ],
                [
                    0,
                    52
                ],
                [
                    6.794871794871796,
                    21.025641025641026
                ]
            ],
            "shape_type": "polygon",
            "flags": {}
        }
    ],
    "lineColor": [
        0,
        255,
        0,
        128
    ],
    "fillColor": [
        255,
        0,
        0,
        128
    ],
    "imagePath": "577.JPEG",
    "imageData": "",
    "imageHeight": 480,
    "imageWidth": 640
}