{
    "version": "5.0.2",
    "flags": {},
    "shapes": [
        {
            "label": "Back_ID_Card",
            "line_color": null,
            "fill_color": null,
            "points": [
                [
                    67.30769230769232,
                    122.05128205128206
                ],
                [
                    82.17948717948718,
                    106.15384615384616
                ],
                [
                    454.48717948717945,
                    128.71794871794873
                ],
                [
                    467.8205128205128,
                    137.94871794871796
                ],
                [
                    478.0769230769231,
                    399.4871794871795
                ],
                [
                    464.2307692307693,
                    412.8205128205128
                ],
                [
                    49.358974358974365,
                    406.6666666666667
                ],
                [
                    39.61538461538461,
                    389.2307692307692
                ]
            ],
            "shape_type": "polygon",
            "flags": {}
        }
    ],
    "lineColor": [
        0,
        255,
        0,
        128
    ],
    "fillColor": [
        255,
        0,
        0,
        128
    ],
    "imagePath": "581.JPEG",
    "imageData": "",
    "imageHeight": 480,
    "imageWidth": 640
}