{
    "version": "5.0.2",
    "flags": {},
    "shapes": [
        {
            "label": "Back_ID_Card",
            "line_color": null,
            "fill_color": null,
            "points": [
                [
                    13.974358974358978,
                    52.30769230769231
                ],
                [
                    33.46153846153847,
                    23.076923076923077
                ],
                [
                    585.2564102564103,
                    30.256410256410255
                ],
                [
                    605.2564102564103,
                    53.84615384615385
                ],
                [
                    597.5641025641025,
                    450.7692307692308
                ],
                [
                    578.5897435897436,
                    471.28205128205127
                ],
                [
                    28.846153846153854,
                    463.0769230769231
                ],
                [
                    10.384615384615387,
                    435.8974358974359
                ]
            ],
            "shape_type": "polygon",
            "flags": {}
        }
    ],
    "lineColor": [
        0,
        255,
        0,
        128
    ],
    "fillColor": [
        255,
        0,
        0,
        128
    ],
    "imagePath": "582.JPEG",
    "imageData": "",
    "imageHeight": 480,
    "imageWidth": 640
}