{
    "version": "5.0.2",
    "flags": {},
    "shapes": [
        {
            "label": "Back_ID_Card",
            "line_color": null,
            "fill_color": null,
            "points": [
                [
                    17.051282051282058,
                    41.02564102564103
                ],
                [
                    38.07692307692308,
                    17.94871794871795
                ],
                [
                    607.8205128205128,
                    17.94871794871795
                ],
                [
                    627.3076923076924,
                    41.02564102564103
                ],
                [
                    639,
                    392
                ],
                [
                    628.8461538461538,
                    412.8205128205128
                ],
                [
                    41.15384615384616,
                    448.71794871794873
                ],
                [
                    15.512820512820511,
                    416.4102564102564
                ]
            ],
            "shape_type": "polygon",
            "flags": {}
        }
    ],
    "lineColor": [
        0,
        255,
        0,
        128
    ],
    "fillColor": [
        255,
        0,
        0,
        128
    ],
    "imagePath": "585.JPEG",
    "imageData": "",
    "imageHeight": 480,
    "imageWidth": 640
}