{
    "version": "5.0.2",
    "flags": {},
    "shapes": [
        {
            "label": "Back_ID_Card",
            "line_color": null,
            "fill_color": null,
            "points": [
                [
                    9.358974358974365,
                    43.58974358974359
                ],
                [
                    31.92307692307692,
                    18.461538461538463
                ],
                [
                    602.1794871794872,
                    11.282051282051283
                ],
                [
                    622.6923076923077,
                    33.333333333333336
                ],
                [
                    624.2307692307693,
                    414.87179487179486
                ],
                [
                    608.3333333333334,
                    435.8974358974359
                ],
                [
                    37.05128205128206,
                    450.7692307692308
                ],
                [
                    21.66666666666667,
                    433.84615384615387
                ]
            ],
            "shape_type": "polygon",
            "flags": {}
        }
    ],
    "lineColor": [
        0,
        255,
        0,
        128
    ],
    "fillColor": [
        255,
        0,
        0,
        128
    ],
    "imagePath": "591.JPEG",
    "imageData": "",
    "imageHeight": 480,
    "imageWidth": 640
}