{
    "version": "5.0.2",
    "flags": {},
    "shapes": [
        {
            "label": "Back_ID_Card",
            "line_color": null,
            "fill_color": null,
            "points": [
                [
                    531.4102564102565,
                    1.5384615384615385
                ],
                [
                    555.0,
                    15.384615384615385
                ],
                [
                    545.7692307692308,
                    465.12820512820514
                ],
                [
                    524.2307692307693,
                    478.46153846153845
                ],
                [
                    176.53846153846155,
                    474.87179487179486
                ],
                [
                    165.25641025641025,
                    454.87179487179486
                ],
                [
                    176.02564102564105,
                    13.333333333333334
                ],
                [
                    193.974358974359,
                    0.0
                ]
            ],
            "shape_type": "polygon",
            "flags": {}
        }
    ],
    "lineColor": [
        0,
        255,
        0,
        128
    ],
    "fillColor": [
        255,
        0,
        0,
        128
    ],
    "imagePath": "597.JPEG",
    "imageData": "",
    "imageHeight": 480,
    "imageWidth": 640
}