{
    "version": "5.0.2",
    "flags": {},
    "shapes": [
        {
            "label": "Back_ID_Card",
            "line_color": null,
            "fill_color": null,
            "points": [
                [
                    52.948717948717956,
                    127.6923076923077
                ],
                [
                    66.7948717948718,
                    106.66666666666667
                ],
                [
                    415.0,
                    94.87179487179488
                ],
                [
                    427.30769230769226,
                    112.3076923076923
                ],
                [
                    433.974358974359,
                    462.5641025641026
                ],
                [
                    415.5128205128205,
                    478.46153846153845
                ],
                [
                    63.71794871794873,
                    478.974358974359
                ],
                [
                    55.0,
                    469.2307692307692
                ]
            ],
            "shape_type": "polygon",
            "flags": {}
        }
    ],
    "lineColor": [
        0,
        255,
        0,
        128
    ],
    "fillColor": [
        255,
        0,
        0,
        128
    ],
    "imagePath": "599.JPEG",
    "imageData": "",
    "imageHeight": 480,
    "imageWidth": 640
}