{
    "version": "5.0.2",
    "flags": {},
    "shapes": [
        {
            "label": "Back_ID_Card",
            "line_color": null,
            "fill_color": null,
            "points": [
                [
                    23.717948717948715,
                    52.820512820512825
                ],
                [
                    45.769230769230774,
                    27.17948717948718
                ],
                [
                    582.1794871794872,
                    17.94871794871795
                ],
                [
                    602.6923076923077,
                    40.0
                ],
                [
                    608.3333333333334,
                    424.61538461538464
                ],
                [
                    588.3333333333334,
                    441.53846153846155
                ],
                [
                    42.69230769230769,
                    440.5128205128205
                ],
                [
                    26.282051282051285,
                    419.4871794871795
                ]
            ],
            "shape_type": "polygon",
            "flags": {}
        }
    ],
    "lineColor": [
        0,
        255,
        0,
        128
    ],
    "fillColor": [
        255,
        0,
        0,
        128
    ],
    "imagePath": "600.JPEG",
    "imageData": "",
    "imageHeight": 480,
    "imageWidth": 640
}