{
    "version": "5.0.2",
    "flags": {},
    "shapes": [
        {
            "label": "Back_ID_Card",
            "line_color": null,
            "fill_color": null,
            "points": [
                [
                    535.0,
                    4.615384615384616
                ],
                [
                    558.5897435897436,
                    19.48717948717949
                ],
                [
                    561.1538461538462,
                    458.974358974359
                ],
                [
                    539.1025641025641,
                    475.8974358974359
                ],
                [
                    68.84615384615384,
                    471.28205128205127
                ],
                [
                    50.38461538461539,
                    449.2307692307692
                ],
                [
                    57.56410256410257,
                    26.666666666666668
                ],
                [
                    84.23076923076923,
                    6.666666666666667
                ]
            ],
            "shape_type": "polygon",
            "flags": {}
        }
    ],
    "lineColor": [
        0,
        255,
        0,
        128
    ],
    "fillColor": [
        255,
        0,
        0,
        128
    ],
    "imagePath": "604.JPEG",
    "imageData": "",
    "imageHeight": 480,
    "imageWidth": 640
}