{
    "version": "5.0.2",
    "flags": {},
    "shapes": [
        {
            "label": "Back_ID_Card",
            "line_color": null,
            "fill_color": null,
            "points": [
                [
                    73.46153846153845,
                    80.51282051282051
                ],
                [
                    89.87179487179486,
                    61.02564102564103
                ],
                [
                    497.56410256410254,
                    57.43589743589744
                ],
                [
                    512.948717948718,
                    81.53846153846155
                ],
                [
                    510.38461538461536,
                    451.7948717948718
                ],
                [
                    495.0,
                    469.2307692307692
                ],
                [
                    88.84615384615384,
                    468.71794871794873
                ],
                [
                    75.0,
                    448.20512820512823
                ]
            ],
            "shape_type": "polygon",
            "flags": {}
        }
    ],
    "lineColor": [
        0,
        255,
        0,
        128
    ],
    "fillColor": [
        255,
        0,
        0,
        128
    ],
    "imagePath": "605.JPEG",
    "imageData": "",
    "imageHeight": 480,
    "imageWidth": 640
}