{
    "version": "5.0.2",
    "flags": {},
    "shapes": [
        {
            "label": "Back_ID_Card",
            "line_color": null,
            "fill_color": null,
            "points": [
                [
                    499.1025641025641,
                    66.15384615384616
                ],
                [
                    525.2564102564103,
                    77.43589743589743
                ],
                [
                    542.1794871794872,
                    315.3846153846154
                ],
                [
                    533.4615384615385,
                    328.71794871794873
                ],
                [
                    109.87179487179489,
                    348.20512820512823
                ],
                [
                    96.02564102564102,
                    338.46153846153845
                ],
                [
                    53.97435897435898,
                    68.71794871794872
                ],
                [
                    69.87179487179486,
                    57.94871794871795
                ]
            ],
            "shape_type": "polygon",
            "flags": {}
        }
    ],
    "lineColor": [
        0,
        255,
        0,
        128
    ],
    "fillColor": [
        255,
        0,
        0,
        128
    ],
    "imagePath": "608.JPEG",
    "imageData": "",
    "imageHeight": 480,
    "imageWidth": 640
}