{
    "version": "5.0.2",
    "flags": {},
    "shapes": [
        {
            "label": "Back_ID_Card",
            "line_color": null,
            "fill_color": null,
            "points": [
                [
                    20.128205128205124,
                    55.38461538461539
                ],
                [
                    33.97435897435898,
                    39.48717948717949
                ],
                [
                    590.3846153846154,
                    41.02564102564103
                ],
                [
                    613.974358974359,
                    62.05128205128205
                ],
                [
                    633.4615384615385,
                    394.87179487179486
                ],
                [
                    618.0769230769231,
                    413.84615384615387
                ],
                [
                    23.205128205128204,
                    421.53846153846155
                ],
                [
                    3.2051282051282044,
                    396.9230769230769
                ]
            ],
            "shape_type": "polygon",
            "flags": {}
        }
    ],
    "lineColor": [
        0,
        255,
        0,
        128
    ],
    "fillColor": [
        255,
        0,
        0,
        128
    ],
    "imagePath": "622.JPEG",
    "imageData": "",
    "imageHeight": 480,
    "imageWidth": 640
}