{
    "version": "5.0.2",
    "flags": {},
    "shapes": [
        {
            "label": "Back_ID_Card",
            "line_color": null,
            "fill_color": null,
            "points": [
                [
                    64.74358974358975,
                    83.58974358974359
                ],
                [
                    79.10256410256412,
                    58.97435897435898
                ],
                [
                    605.7692307692308,
                    60.0
                ],
                [
                    620.1282051282052,
                    75.8974358974359
                ],
                [
                    616.5384615384615,
                    427.6923076923077
                ],
                [
                    601.6666666666666,
                    444.61538461538464
                ],
                [
                    89.87179487179486,
                    448.20512820512823
                ],
                [
                    75.51282051282053,
                    429.2307692307692
                ]
            ],
            "shape_type": "polygon",
            "flags": {}
        }
    ],
    "lineColor": [
        0,
        255,
        0,
        128
    ],
    "fillColor": [
        255,
        0,
        0,
        128
    ],
    "imagePath": "649.JPEG",
    "imageData": "",
    "imageHeight": 480,
    "imageWidth": 640
}