{
    "version": "5.0.2",
    "flags": {},
    "shapes": [
        {
            "label": "Back_ID_Card",
            "line_color": null,
            "fill_color": null,
            "points": [
                [
                    17.051282051282058,
                    71.7948717948718
                ],
                [
                    36.02564102564102,
                    45.64102564102564
                ],
                [
                    596.5384615384615,
                    46.15384615384615
                ],
                [
                    613.4615384615385,
                    60.51282051282051
                ],
                [
                    629.8717948717949,
                    420.5128205128205
                ],
                [
                    612.948717948718,
                    436.4102564102564
                ],
                [
                    29.358974358974365,
                    452.3076923076923
                ],
                [
                    10.897435897435898,
                    427.6923076923077
                ]
            ],
            "shape_type": "polygon",
            "flags": {}
        }
    ],
    "lineColor": [
        0,
        255,
        0,
        128
    ],
    "fillColor": [
        255,
        0,
        0,
        128
    ],
    "imagePath": "658.JPEG",
    "imageData": "",
    "imageHeight": 480,
    "imageWidth": 640
}