{
    "version": "5.0.2",
    "flags": {},
    "shapes": [
        {
            "label": "Back_ID_Card",
            "line_color": null,
            "fill_color": null,
            "points": [
                [
                    15.512820512820511,
                    160.0
                ],
                [
                    29.358974358974365,
                    141.02564102564102
                ],
                [
                    459.1025641025641,
                    137.94871794871796
                ],
                [
                    472.948717948718,
                    151.2820512820513
                ],
                [
                    472.43589743589746,
                    430.2564102564103
                ],
                [
                    458.58974358974365,
                    446.1538461538462
                ],
                [
                    19.615384615384613,
                    427.1794871794872
                ],
                [
                    8.846153846153854,
                    408.20512820512823
                ]
            ],
            "shape_type": "polygon",
            "flags": {}
        }
    ],
    "lineColor": [
        0,
        255,
        0,
        128
    ],
    "fillColor": [
        255,
        0,
        0,
        128
    ],
    "imagePath": "661.JPEG",
    "imageData": "",
    "imageHeight": 480,
    "imageWidth": 640
}