{
    "version": "5.0.2",
    "flags": {},
    "shapes": [
        {
            "label": "Back_ID_Card",
            "line_color": null,
            "fill_color": null,
            "points": [
                [
                    111.41025641025641,
                    121.02564102564102
                ],
                [
                    127.30769230769232,
                    102.05128205128206
                ],
                [
                    557.5641025641025,
                    117.94871794871796
                ],
                [
                    572.4358974358975,
                    132.82051282051282
                ],
                [
                    573.4615384615385,
                    435.8974358974359
                ],
                [
                    555.0,
                    452.3076923076923
                ],
                [
                    103.2051282051282,
                    431.28205128205127
                ],
                [
                    91.41025641025641,
                    406.6666666666667
                ]
            ],
            "shape_type": "polygon",
            "flags": {}
        }
    ],
    "lineColor": [
        0,
        255,
        0,
        128
    ],
    "fillColor": [
        255,
        0,
        0,
        128
    ],
    "imagePath": "665.JPEG",
    "imageData": "",
    "imageHeight": 480,
    "imageWidth": 640
}