{
    "version": "5.0.2",
    "flags": {},
    "shapes": [
        {
            "label": "Back_ID_Card",
            "line_color": null,
            "fill_color": null,
            "points": [
                [
                    20.64102564102565,
                    58.46153846153846
                ],
                [
                    36.53846153846155,
                    32.30769230769231
                ],
                [
                    604.2307692307693,
                    7.6923076923076925
                ],
                [
                    623.2051282051282,
                    24.615384615384617
                ],
                [
                    627.8205128205128,
                    451.28205128205127
                ],
                [
                    609.8717948717949,
                    474.35897435897436
                ],
                [
                    20.128205128205124,
                    476.9230769230769
                ],
                [
                    1.1538461538461604,
                    451.28205128205127
                ]
            ],
            "shape_type": "polygon",
            "flags": {}
        }
    ],
    "lineColor": [
        0,
        255,
        0,
        128
    ],
    "fillColor": [
        255,
        0,
        0,
        128
    ],
    "imagePath": "669.JPEG",
    "imageData": "",
    "imageHeight": 480,
    "imageWidth": 640
}