{
    "version": "5.0.2",
    "flags": {},
    "shapes": [
        {
            "label": "Back_ID_Card",
            "line_color": null,
            "fill_color": null,
            "points": [
                [
                    39.61538461538461,
                    69.23076923076923
                ],
                [
                    58.58974358974359,
                    46.666666666666664
                ],
                [
                    582.6923076923077,
                    49.743589743589745
                ],
                [
                    601.6666666666666,
                    70.76923076923077
                ],
                [
                    604.2307692307693,
                    417.43589743589746
                ],
                [
                    586.7948717948718,
                    434.87179487179486
                ],
                [
                    45.769230769230774,
                    424.1025641025641
                ],
                [
                    33.97435897435898,
                    397.94871794871796
                ]
            ],
            "shape_type": "polygon",
            "flags": {}
        }
    ],
    "lineColor": [
        0,
        255,
        0,
        128
    ],
    "fillColor": [
        255,
        0,
        0,
        128
    ],
    "imagePath": "677.JPEG",
    "imageData": "",
    "imageHeight": 480,
    "imageWidth": 640
}