{
    "version": "5.0.2",
    "flags": {},
    "shapes": [
        {
            "label": "Back_ID_Card",
            "line_color": null,
            "fill_color": null,
            "points": [
                [
                    588.3333333333334,
                    22.05128205128205
                ],
                [
                    618.5897435897436,
                    40.0
                ],
                [
                    631.4102564102565,
                    434.87179487179486
                ],
                [
                    616.025641025641,
                    453.33333333333337
                ],
                [
                    31.92307692307692,
                    478.974358974359
                ],
                [
                    12.435897435897445,
                    460.0
                ],
                [
                    15.0,
                    13.333333333333334
                ],
                [
                    42.69230769230769,
                    0.5128205128205129
                ]
            ],
            "shape_type": "polygon",
            "flags": {}
        }
    ],
    "lineColor": [
        0,
        255,
        0,
        128
    ],
    "fillColor": [
        255,
        0,
        0,
        128
    ],
    "imagePath": "679.JPEG",
    "imageData": "",
    "imageHeight": 480,
    "imageWidth": 640
}