{
    "version": "5.0.2",
    "flags": {},
    "shapes": [
        {
            "label": "Back_ID_Card",
            "line_color": null,
            "fill_color": null,
            "points": [
                [
                    66.7948717948718,
                    48.205128205128204
                ],
                [
                    86.2820512820513,
                    21.53846153846154
                ],
                [
                    554.4871794871794,
                    8.205128205128206
                ],
                [
                    572.948717948718,
                    27.692307692307693
                ],
                [
                    594.4871794871794,
                    416.9230769230769
                ],
                [
                    577.0512820512821,
                    437.94871794871796
                ],
                [
                    83.71794871794873,
                    458.974358974359
                ],
                [
                    66.7948717948718,
                    433.33333333333337
                ]
            ],
            "shape_type": "polygon",
            "flags": {}
        }
    ],
    "lineColor": [
        0,
        255,
        0,
        128
    ],
    "fillColor": [
        255,
        0,
        0,
        128
    ],
    "imagePath": "687.jpeg",
    "imageData": "",
    "imageHeight": 480,
    "imageWidth": 640
}