{
    "version": "5.0.2",
    "flags": {},
    "shapes": [
        {
            "label": "Back_ID_Card",
            "line_color": null,
            "fill_color": null,
            "points": [
                [
                    80.12820512820514,
                    184.6153846153846
                ],
                [
                    98.0769230769231,
                    173.84615384615384
                ],
                [
                    613.4615384615385,
                    191.2820512820513
                ],
                [
                    630.3846153846154,
                    206.66666666666666
                ],
                [
                    619.6153846153846,
                    332.8205128205128
                ],
                [
                    595.0,
                    343.5897435897436
                ],
                [
                    51.923076923076934,
                    320.0
                ],
                [
                    43.205128205128204,
                    306.1538461538462
                ]
            ],
            "shape_type": "polygon",
            "flags": {}
        }
    ],
    "lineColor": [
        0,
        255,
        0,
        128
    ],
    "fillColor": [
        255,
        0,
        0,
        128
    ],
    "imagePath": "693.jpeg",
    "imageData": "",
    "imageHeight": 480,
    "imageWidth": 640
}