{
    "version": "5.0.2",
    "flags": {},
    "shapes": [
        {
            "label": "Back_ID_Card",
            "line_color": null,
            "fill_color": null,
            "points": [
                [
                    30.384615384615387,
                    32.30769230769231
                ],
                [
                    47.30769230769232,
                    9.743589743589745
                ],
                [
                    584.7435897435897,
                    20.0
                ],
                [
                    605.7692307692308,
                    41.02564102564103
                ],
                [
                    619.1025641025641,
                    449.7435897435898
                ],
                [
                    602.6923076923077,
                    470.7692307692308
                ],
                [
                    24.74358974358975,
                    454.35897435897436
                ],
                [
                    7.820512820512818,
                    431.7948717948718
                ]
            ],
            "shape_type": "polygon",
            "flags": {}
        }
    ],
    "lineColor": [
        0,
        255,
        0,
        128
    ],
    "fillColor": [
        255,
        0,
        0,
        128
    ],
    "imagePath": "700.JPEG",
    "imageData": "",
    "imageHeight": 480,
    "imageWidth": 640
}