{
    "version": "5.0.2",
    "flags": {},
    "shapes": [
        {
            "label": "Back_ID_Card",
            "line_color": null,
            "fill_color": null,
            "points": [
                [
                    15.0,
                    394.35897435897436
                ],
                [
                    0.1282051282051242,
                    374.35897435897436
                ],
                [
                    0,
                    294
                ],
                [
                    2.1794871794871824,
                    53.333333333333336
                ],
                [
                    8.846153846153854,
                    39.48717948717949
                ],
                [
                    606.7948717948718,
                    41.02564102564103
                ],
                [
                    624.7435897435897,
                    56.41025641025641
                ],
                [
                    637.0512820512821,
                    370.7692307692308
                ],
                [
                    620.6410256410256,
                    387.1794871794872
                ]
            ],
            "shape_type": "polygon",
            "flags": {}
        }
    ],
    "lineColor": [
        0,
        255,
        0,
        128
    ],
    "fillColor": [
        255,
        0,
        0,
        128
    ],
    "imagePath": "709.JPEG",
    "imageData": "",
    "imageHeight": 480,
    "imageWidth": 640
}