{
    "version": "5.0.2",
    "flags": {},
    "shapes": [
        {
            "label": "Back_ID_Card",
            "line_color": null,
            "fill_color": null,
            "points": [
                [
                    132.94871794871796,
                    126.66666666666667
                ],
                [
                    144.74358974358975,
                    114.87179487179488
                ],
                [
                    491.9230769230769,
                    117.94871794871796
                ],
                [
                    502.69230769230774,
                    129.23076923076923
                ],
                [
                    498.0769230769231,
                    244.10256410256412
                ],
                [
                    486.7948717948718,
                    251.2820512820513
                ],
                [
                    136.02564102564102,
                    245.64102564102564
                ],
                [
                    128.33333333333334,
                    232.82051282051282
                ]
            ],
            "shape_type": "polygon",
            "flags": {}
        }
    ],
    "lineColor": [
        0,
        255,
        0,
        128
    ],
    "fillColor": [
        255,
        0,
        0,
        128
    ],
    "imagePath": "715.jpeg",
    "imageData": "",
    "imageHeight": 480,
    "imageWidth": 640
}