{
    "version": "5.0.2",
    "flags": {},
    "shapes": [
        {
            "label": "Back_ID_Card",
            "line_color": null,
            "fill_color": null,
            "points": [
                [
                    25.256410256410263,
                    74.87179487179488
                ],
                [
                    41.15384615384616,
                    53.84615384615385
                ],
                [
                    533.4615384615385,
                    31.28205128205128
                ],
                [
                    548.3333333333334,
                    48.71794871794872
                ],
                [
                    558.0769230769231,
                    442.5641025641026
                ],
                [
                    537.0512820512821,
                    458.46153846153845
                ],
                [
                    49.358974358974365,
                    464.1025641025641
                ],
                [
                    32.948717948717956,
                    445.64102564102564
                ]
            ],
            "shape_type": "polygon",
            "flags": {}
        }
    ],
    "lineColor": [
        0,
        255,
        0,
        128
    ],
    "fillColor": [
        255,
        0,
        0,
        128
    ],
    "imagePath": "730.jpeg",
    "imageData": "",
    "imageHeight": 480,
    "imageWidth": 640
}