{
    "version": "5.0.2",
    "flags": {},
    "shapes": [
        {
            "label": "Back_ID_Card",
            "line_color": null,
            "fill_color": null,
            "points": [
                [
                    97.56410256410257,
                    207.17948717948718
                ],
                [
                    105.76923076923077,
                    196.92307692307693
                ],
                [
                    532.4358974358975,
                    196.92307692307693
                ],
                [
                    544.2307692307693,
                    205.64102564102564
                ],
                [
                    546.7948717948718,
                    305.64102564102564
                ],
                [
                    538.5897435897436,
                    315.8974358974359
                ],
                [
                    107.82051282051282,
                    315.8974358974359
                ],
                [
                    98.58974358974359,
                    305.64102564102564
                ]
            ],
            "shape_type": "polygon",
            "flags": {}
        }
    ],
    "lineColor": [
        0,
        255,
        0,
        128
    ],
    "fillColor": [
        255,
        0,
        0,
        128
    ],
    "imagePath": "731.jpeg",
    "imageData": "",
    "imageHeight": 480,
    "imageWidth": 640
}