{
    "version": "5.0.2",
    "flags": {},
    "shapes": [
        {
            "label": "Back_ID_Card",
            "line_color": null,
            "fill_color": null,
            "points": [
                [
                    81.15384615384616,
                    234.8717948717949
                ],
                [
                    93.46153846153845,
                    222.56410256410257
                ],
                [
                    578.5897435897436,
                    217.43589743589743
                ],
                [
                    590.8974358974359,
                    225.12820512820514
                ],
                [
                    613.4615384615385,
                    386.6666666666667
                ],
                [
                    601.6666666666666,
                    402.5641025641026
                ],
                [
                    90.89743589743591,
                    410.2564102564103
                ],
                [
                    80.12820512820514,
                    397.43589743589746
                ]
            ],
            "shape_type": "polygon",
            "flags": {}
        }
    ],
    "lineColor": [
        0,
        255,
        0,
        128
    ],
    "fillColor": [
        255,
        0,
        0,
        128
    ],
    "imagePath": "734.jpeg",
    "imageData": "",
    "imageHeight": 480,
    "imageWidth": 640
}