{
    "version": "5.0.2",
    "flags": {},
    "shapes": [
        {
            "label": "Back_ID_Card",
            "line_color": null,
            "fill_color": null,
            "points": [
                [
                    80.12820512820514,
                    167.17948717948718
                ],
                [
                    87.82051282051282,
                    156.4102564102564
                ],
                [
                    555.5128205128206,
                    155.8974358974359
                ],
                [
                    564.2307692307693,
                    165.12820512820514
                ],
                [
                    555.5128205128206,
                    260.0
                ],
                [
                    546.2820512820513,
                    266.15384615384613
                ],
                [
                    94.4871794871795,
                    265.12820512820514
                ],
                [
                    86.7948717948718,
                    255.3846153846154
                ]
            ],
            "shape_type": "polygon",
            "flags": {}
        }
    ],
    "lineColor": [
        0,
        255,
        0,
        128
    ],
    "fillColor": [
        255,
        0,
        0,
        128
    ],
    "imagePath": "737.jpeg",
    "imageData": "",
    "imageHeight": 480,
    "imageWidth": 640
}