{
    "version": "5.0.2",
    "flags": {},
    "shapes": [
        {
            "label": "Back_ID_Card",
            "line_color": null,
            "fill_color": null,
            "points": [
                [
                    52.43589743589743,
                    65.64102564102565
                ],
                [
                    66.7948717948718,
                    48.205128205128204
                ],
                [
                    491.9230769230769,
                    45.64102564102564
                ],
                [
                    505.76923076923083,
                    64.61538461538461
                ],
                [
                    507.3076923076924,
                    426.6666666666667
                ],
                [
                    489.8717948717949,
                    449.2307692307692
                ],
                [
                    44.230769230769226,
                    426.6666666666667
                ],
                [
                    33.97435897435898,
                    402.5641025641026
                ]
            ],
            "shape_type": "polygon",
            "flags": {}
        }
    ],
    "lineColor": [
        0,
        255,
        0,
        128
    ],
    "fillColor": [
        255,
        0,
        0,
        128
    ],
    "imagePath": "740.jpeg",
    "imageData": "",
    "imageHeight": 480,
    "imageWidth": 640
}