{
    "version": "5.0.2",
    "flags": {},
    "shapes": [
        {
            "label": "Back_ID_Card",
            "line_color": null,
            "fill_color": null,
            "points": [
                [
                    21.66666666666667,
                    159.4871794871795
                ],
                [
                    35.0,
                    150.76923076923077
                ],
                [
                    590.8974358974359,
                    150.76923076923077
                ],
                [
                    603.2051282051282,
                    162.05128205128204
                ],
                [
                    593.974358974359,
                    294.35897435897436
                ],
                [
                    575.5128205128206,
                    306.1538461538462
                ],
                [
                    37.56410256410257,
                    297.94871794871796
                ],
                [
                    25.769230769230774,
                    287.1794871794872
                ]
            ],
            "shape_type": "polygon",
            "flags": {}
        }
    ],
    "lineColor": [
        0,
        255,
        0,
        128
    ],
    "fillColor": [
        255,
        0,
        0,
        128
    ],
    "imagePath": "742.jpeg",
    "imageData": "",
    "imageHeight": 480,
    "imageWidth": 640
}