{
    "version": "5.0.2",
    "flags": {},
    "shapes": [
        {
            "label": "Back_ID_Card",
            "line_color": null,
            "fill_color": null,
            "points": [
                [
                    81.66666666666666,
                    240.0
                ],
                [
                    94.4871794871795,
                    228.71794871794873
                ],
                [
                    557.0512820512821,
                    225.64102564102564
                ],
                [
                    570.8974358974359,
                    234.35897435897436
                ],
                [
                    575.5128205128206,
                    346.6666666666667
                ],
                [
                    563.7179487179487,
                    356.4102564102564
                ],
                [
                    94.4871794871795,
                    358.46153846153845
                ],
                [
                    85.76923076923077,
                    348.71794871794873
                ]
            ],
            "shape_type": "polygon",
            "flags": {}
        }
    ],
    "lineColor": [
        0,
        255,
        0,
        128
    ],
    "fillColor": [
        255,
        0,
        0,
        128
    ],
    "imagePath": "743.jpeg",
    "imageData": "",
    "imageHeight": 480,
    "imageWidth": 640
}