{
    "version": "5.0.2",
    "flags": {},
    "shapes": [
        {
            "label": "Back_ID_Card",
            "line_color": null,
            "fill_color": null,
            "points": [
                [
                    17.56410256410257,
                    44.1025641025641
                ],
                [
                    40.128205128205124,
                    15.384615384615385
                ],
                [
                    604.7435897435897,
                    22.564102564102566
                ],
                [
                    622.6923076923077,
                    42.56410256410256
                ],
                [
                    633.974358974359,
                    431.7948717948718
                ],
                [
                    615.5128205128206,
                    457.94871794871796
                ],
                [
                    31.92307692307692,
                    459.4871794871795
                ],
                [
                    15.0,
                    436.4102564102564
                ]
            ],
            "shape_type": "polygon",
            "flags": {}
        }
    ],
    "lineColor": [
        0,
        255,
        0,
        128
    ],
    "fillColor": [
        255,
        0,
        0,
        128
    ],
    "imagePath": "744.jpeg",
    "imageData": "",
    "imageHeight": 480,
    "imageWidth": 640
}