{
    "version": "5.0.2",
    "flags": {},
    "shapes": [
        {
            "label": "Back_ID_Card",
            "line_color": null,
            "fill_color": null,
            "points": [
                [
                    98.0769230769231,
                    213.84615384615384
                ],
                [
                    109.35897435897436,
                    201.02564102564102
                ],
                [
                    501.1538461538462,
                    191.2820512820513
                ],
                [
                    513.4615384615385,
                    201.02564102564102
                ],
                [
                    532.4358974358975,
                    292.3076923076923
                ],
                [
                    528.8461538461538,
                    303.0769230769231
                ],
                [
                    115.51282051282053,
                    315.8974358974359
                ],
                [
                    105.25641025641025,
                    306.1538461538462
                ]
            ],
            "shape_type": "polygon",
            "flags": {}
        }
    ],
    "lineColor": [
        0,
        255,
        0,
        128
    ],
    "fillColor": [
        255,
        0,
        0,
        128
    ],
    "imagePath": "745.jpeg",
    "imageData": "",
    "imageHeight": 480,
    "imageWidth": 640
}