{
    "version": "5.0.2",
    "flags": {},
    "shapes": [
        {
            "label": "Back_ID_Card",
            "line_color": null,
            "fill_color": null,
            "points": [
                [
                    42.17948717948718,
                    196.4102564102564
                ],
                [
                    56.02564102564102,
                    181.53846153846155
                ],
                [
                    563.7179487179487,
                    176.4102564102564
                ],
                [
                    580.1282051282052,
                    188.2051282051282
                ],
                [
                    583.7179487179487,
                    308.20512820512823
                ],
                [
                    573.974358974359,
                    321.02564102564105
                ],
                [
                    56.53846153846155,
                    322.05128205128204
                ],
                [
                    44.74358974358975,
                    313.3333333333333
                ]
            ],
            "shape_type": "polygon",
            "flags": {}
        }
    ],
    "lineColor": [
        0,
        255,
        0,
        128
    ],
    "fillColor": [
        255,
        0,
        0,
        128
    ],
    "imagePath": "749.jpeg",
    "imageData": "",
    "imageHeight": 480,
    "imageWidth": 640
}