{
    "version": "5.0.2",
    "flags": {},
    "shapes": [
        {
            "label": "Back_ID_Card",
            "line_color": null,
            "fill_color": null,
            "points": [
                [
                    551.9230769230769,
                    51.282051282051285
                ],
                [
                    575.0,
                    67.17948717948718
                ],
                [
                    574.4871794871794,
                    434.35897435897436
                ],
                [
                    551.9230769230769,
                    451.7948717948718
                ],
                [
                    41.66666666666667,
                    446.1538461538462
                ],
                [
                    22.692307692307693,
                    426.1538461538462
                ],
                [
                    16.538461538461547,
                    53.333333333333336
                ],
                [
                    37.05128205128206,
                    37.43589743589744
                ]
            ],
            "shape_type": "polygon",
            "flags": {}
        }
    ],
    "lineColor": [
        0,
        255,
        0,
        128
    ],
    "fillColor": [
        255,
        0,
        0,
        128
    ],
    "imagePath": "754.jpeg",
    "imageData": "",
    "imageHeight": 480,
    "imageWidth": 640
}