{
    "version": "5.0.2",
    "flags": {},
    "shapes": [
        {
            "label": "Back_ID_Card",
            "line_color": null,
            "fill_color": null,
            "points": [
                [
                    153.46153846153845,
                    177.94871794871796
                ],
                [
                    160.64102564102564,
                    168.71794871794873
                ],
                [
                    532.948717948718,
                    174.87179487179486
                ],
                [
                    542.6923076923077,
                    186.66666666666666
                ],
                [
                    528.3333333333334,
                    268.71794871794873
                ],
                [
                    519.6153846153846,
                    275.8974358974359
                ],
                [
                    159.6153846153846,
                    270.2564102564103
                ],
                [
                    153.97435897435898,
                    261.02564102564105
                ]
            ],
            "shape_type": "polygon",
            "flags": {}
        }
    ],
    "lineColor": [
        0,
        255,
        0,
        128
    ],
    "fillColor": [
        255,
        0,
        0,
        128
    ],
    "imagePath": "757.jpeg",
    "imageData": "",
    "imageHeight": 480,
    "imageWidth": 640
}