{
    "version": "5.0.2",
    "flags": {},
    "shapes": [
        {
            "label": "Back_ID_Card",
            "line_color": null,
            "fill_color": null,
            "points": [
                [
                    26.282051282051285,
                    184.10256410256412
                ],
                [
                    38.58974358974359,
                    168.71794871794873
                ],
                [
                    585.7692307692308,
                    168.2051282051282
                ],
                [
                    599.6153846153846,
                    190.25641025641025
                ],
                [
                    591.9230769230769,
                    318.46153846153845
                ],
                [
                    577.0512820512821,
                    331.28205128205127
                ],
                [
                    28.846153846153854,
                    318.46153846153845
                ],
                [
                    18.58974358974359,
                    301.53846153846155
                ]
            ],
            "shape_type": "polygon",
            "flags": {}
        }
    ],
    "lineColor": [
        0,
        255,
        0,
        128
    ],
    "fillColor": [
        255,
        0,
        0,
        128
    ],
    "imagePath": "761.jpeg",
    "imageData": "",
    "imageHeight": 480,
    "imageWidth": 640
}