{
    "version": "5.0.2",
    "flags": {},
    "shapes": [
        {
            "label": "Back_ID_Card",
            "line_color": null,
            "fill_color": null,
            "points": [
                [
                    530.3846153846154,
                    0.0
                ],
                [
                    564.7435897435897,
                    10.256410256410257
                ],
                [
                    632.948717948718,
                    433.33333333333337
                ],
                [
                    615.0,
                    451.28205128205127
                ],
                [
                    143,
                    479
                ],
                [
                    104.23076923076923,
                    463.0769230769231
                ],
                [
                    24.230769230769226,
                    45.12820512820513
                ],
                [
                    44.74358974358975,
                    24.102564102564102
                ]
            ],
            "shape_type": "polygon",
            "flags": {}
        }
    ],
    "lineColor": [
        0,
        255,
        0,
        128
    ],
    "fillColor": [
        255,
        0,
        0,
        128
    ],
    "imagePath": "763.JPEG",
    "imageData": "",
    "imageHeight": 480,
    "imageWidth": 640
}