{
    "version": "5.0.2",
    "flags": {},
    "shapes": [
        {
            "label": "Back_ID_Card",
            "line_color": null,
            "fill_color": null,
            "points": [
                [
                    89.87179487179486,
                    80.51282051282051
                ],
                [
                    102.17948717948718,
                    64.1025641025641
                ],
                [
                    557.5641025641025,
                    48.71794871794872
                ],
                [
                    572.4358974358975,
                    64.1025641025641
                ],
                [
                    593.4615384615385,
                    374.35897435897436
                ],
                [
                    579.1025641025641,
                    392.8205128205128
                ],
                [
                    106.2820512820513,
                    415.8974358974359
                ],
                [
                    92.43589743589743,
                    390.7692307692308
                ]
            ],
            "shape_type": "polygon",
            "flags": {}
        }
    ],
    "lineColor": [
        0,
        255,
        0,
        128
    ],
    "fillColor": [
        255,
        0,
        0,
        128
    ],
    "imagePath": "766.JPEG",
    "imageData": "",
    "imageHeight": 480,
    "imageWidth": 640
}