{
    "version": "5.0.2",
    "flags": {},
    "shapes": [
        {
            "label": "Back_ID_Card",
            "line_color": null,
            "fill_color": null,
            "points": [
                [
                    39.1025641025641,
                    37.94871794871795
                ],
                [
                    59.61538461538461,
                    15.897435897435898
                ],
                [
                    586.2820512820513,
                    9.230769230769232
                ],
                [
                    604.7435897435897,
                    32.30769230769231
                ],
                [
                    605.2564102564103,
                    438.974358974359
                ],
                [
                    587.8205128205128,
                    457.43589743589746
                ],
                [
                    73.46153846153845,
                    478.974358974359
                ],
                [
                    49.87179487179486,
                    455.8974358974359
                ]
            ],
            "shape_type": "polygon",
            "flags": {}
        }
    ],
    "lineColor": [
        0,
        255,
        0,
        128
    ],
    "fillColor": [
        255,
        0,
        0,
        128
    ],
    "imagePath": "773.JPEG",
    "imageData": "",
    "imageHeight": 480,
    "imageWidth": 640
}