{
    "version": "5.0.2",
    "flags": {},
    "shapes": [
        {
            "label": "Back_ID_Card",
            "line_color": null,
            "fill_color": null,
            "points": [
                [
                    24.74358974358975,
                    163.0769230769231
                ],
                [
                    41.66666666666667,
                    146.66666666666666
                ],
                [
                    615.0,
                    142.56410256410257
                ],
                [
                    633.974358974359,
                    154.35897435897436
                ],
                [
                    639,
                    339
                ],
                [
                    629.3589743589744,
                    358.46153846153845
                ],
                [
                    42.69230769230769,
                    364.61538461538464
                ],
                [
                    25.769230769230774,
                    345.12820512820514
                ]
            ],
            "shape_type": "polygon",
            "flags": {}
        }
    ],
    "lineColor": [
        0,
        255,
        0,
        128
    ],
    "fillColor": [
        255,
        0,
        0,
        128
    ],
    "imagePath": "779.jpeg",
    "imageData": "",
    "imageHeight": 480,
    "imageWidth": 640
}