{
    "version": "5.0.2",
    "flags": {},
    "shapes": [
        {
            "label": "Back_ID_Card",
            "line_color": null,
            "fill_color": null,
            "points": [
                [
                    105.25641025641025,
                    227.17948717948718
                ],
                [
                    111.41025641025641,
                    218.97435897435898
                ],
                [
                    446.28205128205127,
                    222.56410256410257
                ],
                [
                    455.0,
                    231.7948717948718
                ],
                [
                    453.974358974359,
                    343.5897435897436
                ],
                [
                    444.2307692307693,
                    351.7948717948718
                ],
                [
                    107.30769230769232,
                    342.5641025641026
                ],
                [
                    98.0769230769231,
                    332.8205128205128
                ]
            ],
            "shape_type": "polygon",
            "flags": {}
        }
    ],
    "lineColor": [
        0,
        255,
        0,
        128
    ],
    "fillColor": [
        255,
        0,
        0,
        128
    ],
    "imagePath": "784.jpeg",
    "imageData": "",
    "imageHeight": 480,
    "imageWidth": 640
}