{
    "version": "5.0.2",
    "flags": {},
    "shapes": [
        {
            "label": "Back_ID_Card",
            "line_color": null,
            "fill_color": null,
            "points": [
                [
                    72.43589743589743,
                    268.71794871794873
                ],
                [
                    80.12820512820514,
                    259.4871794871795
                ],
                [
                    402.1794871794872,
                    258.974358974359
                ],
                [
                    411.92307692307696,
                    265.12820512820514
                ],
                [
                    414.4871794871795,
                    377.43589743589746
                ],
                [
                    404.7435897435898,
                    383.5897435897436
                ],
                [
                    73.97435897435898,
                    383.0769230769231
                ],
                [
                    68.84615384615384,
                    372.8205128205128
                ]
            ],
            "shape_type": "polygon",
            "flags": {}
        }
    ],
    "lineColor": [
        0,
        255,
        0,
        128
    ],
    "fillColor": [
        255,
        0,
        0,
        128
    ],
    "imagePath": "785.jpeg",
    "imageData": "",
    "imageHeight": 480,
    "imageWidth": 640
}