{
    "version": "5.0.2",
    "flags": {},
    "shapes": [
        {
            "label": "Back_ID_Card",
            "line_color": null,
            "fill_color": null,
            "points": [
                [
                    115.51282051282053,
                    237.94871794871796
                ],
                [
                    122.69230769230771,
                    227.17948717948718
                ],
                [
                    538.5897435897436,
                    228.2051282051282
                ],
                [
                    547.8205128205128,
                    238.46153846153845
                ],
                [
                    546.2820512820513,
                    377.43589743589746
                ],
                [
                    538.5897435897436,
                    384.61538461538464
                ],
                [
                    127.30769230769232,
                    376.4102564102564
                ],
                [
                    116.53846153846155,
                    364.61538461538464
                ]
            ],
            "shape_type": "polygon",
            "flags": {}
        }
    ],
    "lineColor": [
        0,
        255,
        0,
        128
    ],
    "fillColor": [
        255,
        0,
        0,
        128
    ],
    "imagePath": "790.jpeg",
    "imageData": "",
    "imageHeight": 480,
    "imageWidth": 640
}