{
    "version": "5.0.2",
    "flags": {},
    "shapes": [
        {
            "label": "Back_ID_Card",
            "line_color": null,
            "fill_color": null,
            "points": [
                [
                    431.9230769230769,
                    80.51282051282051
                ],
                [
                    448.8461538461538,
                    93.33333333333333
                ],
                [
                    455.51282051282055,
                    404.1025641025641
                ],
                [
                    440.1282051282052,
                    419.4871794871795
                ],
                [
                    171.9230769230769,
                    444.1025641025641
                ],
                [
                    157.56410256410257,
                    430.7692307692308
                ],
                [
                    129.35897435897436,
                    107.17948717948718
                ],
                [
                    145.76923076923077,
                    88.2051282051282
                ]
            ],
            "shape_type": "polygon",
            "flags": {}
        }
    ],
    "lineColor": [
        0,
        255,
        0,
        128
    ],
    "fillColor": [
        255,
        0,
        0,
        128
    ],
    "imagePath": "791.jpeg",
    "imageData": "",
    "imageHeight": 480,
    "imageWidth": 640
}