{
    "version": "5.0.2",
    "flags": {},
    "shapes": [
        {
            "label": "Back_ID_Card",
            "line_color": null,
            "fill_color": null,
            "points": [
                [
                    94.4871794871795,
                    35.38461538461539
                ],
                [
                    101.66666666666666,
                    23.076923076923077
                ],
                [
                    451.9230769230769,
                    15.897435897435898
                ],
                [
                    462.69230769230774,
                    24.615384615384617
                ],
                [
                    464.2307692307693,
                    141.02564102564102
                ],
                [
                    458.0769230769231,
                    149.23076923076923
                ],
                [
                    110.89743589743591,
                    151.2820512820513
                ],
                [
                    100.12820512820514,
                    140.51282051282053
                ]
            ],
            "shape_type": "polygon",
            "flags": {}
        }
    ],
    "lineColor": [
        0,
        255,
        0,
        128
    ],
    "fillColor": [
        255,
        0,
        0,
        128
    ],
    "imagePath": "793.jpeg",
    "imageData": "",
    "imageHeight": 480,
    "imageWidth": 640
}