{
    "version": "5.0.2",
    "flags": {},
    "shapes": [
        {
            "label": "Back_ID_Card",
            "line_color": null,
            "fill_color": null,
            "points": [
                [
                    70.38461538461539,
                    241.53846153846155
                ],
                [
                    81.15384615384616,
                    230.76923076923077
                ],
                [
                    390.8974358974359,
                    230.25641025641025
                ],
                [
                    403.20512820512823,
                    242.05128205128204
                ],
                [
                    403.71794871794873,
                    341.53846153846155
                ],
                [
                    394.4871794871795,
                    351.28205128205127
                ],
                [
                    75.51282051282053,
                    350.7692307692308
                ],
                [
                    69.35897435897436,
                    342.5641025641026
                ]
            ],
            "shape_type": "polygon",
            "flags": {}
        }
    ],
    "lineColor": [
        0,
        255,
        0,
        128
    ],
    "fillColor": [
        255,
        0,
        0,
        128
    ],
    "imagePath": "797.jpeg",
    "imageData": "",
    "imageHeight": 480,
    "imageWidth": 640
}