{
    "version": "5.0.2",
    "flags": {},
    "shapes": [
        {
            "label": "Back_ID_Card",
            "line_color": null,
            "fill_color": null,
            "points": [
                [
                    452.948717948718,
                    73.84615384615385
                ],
                [
                    472.948717948718,
                    86.15384615384616
                ],
                [
                    458.58974358974365,
                    372.3076923076923
                ],
                [
                    441.66666666666663,
                    386.6666666666667
                ],
                [
                    127.30769230769232,
                    389.7435897435898
                ],
                [
                    110.38461538461539,
                    376.4102564102564
                ],
                [
                    104.23076923076923,
                    80.51282051282051
                ],
                [
                    126.7948717948718,
                    66.15384615384616
                ]
            ],
            "shape_type": "polygon",
            "flags": {}
        }
    ],
    "lineColor": [
        0,
        255,
        0,
        128
    ],
    "fillColor": [
        255,
        0,
        0,
        128
    ],
    "imagePath": "817.jpeg",
    "imageData": "",
    "imageHeight": 480,
    "imageWidth": 640
}