{
    "version": "5.0.2",
    "flags": {},
    "shapes": [
        {
            "label": "Back_ID_Card",
            "line_color": null,
            "fill_color": null,
            "points": [
                [
                    116.02564102564102,
                    158.97435897435898
                ],
                [
                    121.66666666666666,
                    149.23076923076923
                ],
                [
                    465.76923076923083,
                    135.3846153846154
                ],
                [
                    487.30769230769226,
                    142.05128205128204
                ],
                [
                    521.1538461538462,
                    225.12820512820514
                ],
                [
                    513.4615384615385,
                    232.82051282051282
                ],
                [
                    146.2820512820513,
                    251.7948717948718
                ],
                [
                    133.97435897435898,
                    243.0769230769231
                ]
            ],
            "shape_type": "polygon",
            "flags": {}
        }
    ],
    "lineColor": [
        0,
        255,
        0,
        128
    ],
    "fillColor": [
        255,
        0,
        0,
        128
    ],
    "imagePath": "822.jpeg",
    "imageData": "",
    "imageHeight": 480,
    "imageWidth": 640
}