{
    "version": "5.0.2",
    "flags": {},
    "shapes": [
        {
            "label": "Back_ID_Card",
            "line_color": null,
            "fill_color": null,
            "points": [
                [
                    9.358974358974365,
                    48.71794871794872
                ],
                [
                    27.820512820512818,
                    23.076923076923077
                ],
                [
                    607.3076923076924,
                    13.333333333333334
                ],
                [
                    626.2820512820513,
                    31.794871794871796
                ],
                [
                    630.3846153846154,
                    434.35897435897436
                ],
                [
                    612.948717948718,
                    460.0
                ],
                [
                    30.384615384615387,
                    461.53846153846155
                ],
                [
                    13.461538461538467,
                    437.94871794871796
                ]
            ],
            "shape_type": "polygon",
            "flags": {}
        }
    ],
    "lineColor": [
        0,
        255,
        0,
        128
    ],
    "fillColor": [
        255,
        0,
        0,
        128
    ],
    "imagePath": "854.JPEG",
    "imageData": "",
    "imageHeight": 480,
    "imageWidth": 640
}