{
    "version": "5.0.2",
    "flags": {},
    "shapes": [
        {
            "label": "Back_ID_Card",
            "line_color": null,
            "fill_color": null,
            "points": [
                [
                    567.3076923076924,
                    32.30769230769231
                ],
                [
                    593.974358974359,
                    52.30769230769231
                ],
                [
                    590.3846153846154,
                    453.84615384615387
                ],
                [
                    579.1025641025641,
                    464.61538461538464
                ],
                [
                    111.41025641025641,
                    466.1538461538462
                ],
                [
                    100.12820512820514,
                    452.8205128205128
                ],
                [
                    86.2820512820513,
                    44.1025641025641
                ],
                [
                    97.05128205128204,
                    31.28205128205128
                ]
            ],
            "shape_type": "polygon",
            "flags": {}
        }
    ],
    "lineColor": [
        0,
        255,
        0,
        128
    ],
    "fillColor": [
        255,
        0,
        0,
        128
    ],
    "imagePath": "874.JPEG",
    "imageData": "",
    "imageHeight": 480,
    "imageWidth": 640
}