{
    "version": "5.0.2",
    "flags": {},
    "shapes": [
        {
            "label": "Back_ID_Card",
            "line_color": null,
            "fill_color": null,
            "points": [
                [
                    15.0,
                    135.3846153846154
                ],
                [
                    38.58974358974359,
                    117.43589743589745
                ],
                [
                    609.3589743589744,
                    120.51282051282051
                ],
                [
                    626.7948717948718,
                    142.56410256410257
                ],
                [
                    630.8974358974359,
                    388.71794871794873
                ],
                [
                    610.3846153846154,
                    406.6666666666667
                ],
                [
                    30.384615384615387,
                    413.84615384615387
                ],
                [
                    10.897435897435898,
                    390.7692307692308
                ]
            ],
            "shape_type": "polygon",
            "flags": {}
        }
    ],
    "lineColor": [
        0,
        255,
        0,
        128
    ],
    "fillColor": [
        255,
        0,
        0,
        128
    ],
    "imagePath": "876.JPEG",
    "imageData": "",
    "imageHeight": 480,
    "imageWidth": 640
}