{
    "version": "5.0.2",
    "flags": {},
    "shapes": [
        {
            "label": "Back_ID_Card",
            "line_color": null,
            "fill_color": null,
            "points": [
                [
                    492.948717948718,
                    6.666666666666667
                ],
                [
                    518.5897435897436,
                    24.615384615384617
                ],
                [
                    503.2051282051282,
                    439.4871794871795
                ],
                [
                    480.1282051282052,
                    452.8205128205128
                ],
                [
                    37.56410256410257,
                    438.46153846153845
                ],
                [
                    28.846153846153854,
                    424.1025641025641
                ],
                [
                    41.15384615384616,
                    30.256410256410255
                ],
                [
                    57.56410256410257,
                    14.871794871794872
                ]
            ],
            "shape_type": "polygon",
            "flags": {}
        }
    ],
    "lineColor": [
        0,
        255,
        0,
        128
    ],
    "fillColor": [
        255,
        0,
        0,
        128
    ],
    "imagePath": "886.JPEG",
    "imageData": "",
    "imageHeight": 480,
    "imageWidth": 640
}