{
    "version": "5.0.2",
    "flags": {},
    "shapes": [
        {
            "label": "Back_ID_Card",
            "line_color": null,
            "fill_color": null,
            "points": [
                [
                    421.6666666666667,
                    11.282051282051283
                ],
                [
                    436.53846153846155,
                    22.564102564102566
                ],
                [
                    437.56410256410254,
                    459.4871794871795
                ],
                [
                    420.64102564102564,
                    473.84615384615387
                ],
                [
                    152.94871794871796,
                    478.974358974359
                ],
                [
                    142.17948717948718,
                    468.20512820512823
                ],
                [
                    139.6153846153846,
                    20.512820512820515
                ],
                [
                    156.02564102564102,
                    5.128205128205129
                ]
            ],
            "shape_type": "polygon",
            "flags": {}
        }
    ],
    "lineColor": [
        0,
        255,
        0,
        128
    ],
    "fillColor": [
        255,
        0,
        0,
        128
    ],
    "imagePath": "899.jpeg",
    "imageData": "",
    "imageHeight": 480,
    "imageWidth": 640
}