{
    "version": "5.0.2",
    "flags": {},
    "shapes": [
        {
            "label": "Back_ID_Card",
            "line_color": null,
            "fill_color": null,
            "points": [
                [
                    101.66666666666666,
                    164.6153846153846
                ],
                [
                    113.46153846153845,
                    151.7948717948718
                ],
                [
                    518.5897435897436,
                    127.17948717948718
                ],
                [
                    528.8461538461538,
                    135.8974358974359
                ],
                [
                    549.8717948717949,
                    387.6923076923077
                ],
                [
                    539.1025641025641,
                    401.02564102564105
                ],
                [
                    119.10256410256412,
                    425.12820512820514
                ],
                [
                    107.30769230769232,
                    411.7948717948718
                ]
            ],
            "shape_type": "polygon",
            "flags": {}
        }
    ],
    "lineColor": [
        0,
        255,
        0,
        128
    ],
    "fillColor": [
        255,
        0,
        0,
        128
    ],
    "imagePath": "913.jpeg",
    "imageData": "",
    "imageHeight": 480,
    "imageWidth": 640
}