{
    "version": "5.0.2",
    "flags": {},
    "shapes": [
        {
            "label": "Back_ID_Card",
            "line_color": null,
            "fill_color": null,
            "points": [
                [
                    41.66666666666667,
                    137.94871794871796
                ],
                [
                    52.43589743589743,
                    127.6923076923077
                ],
                [
                    607.8205128205128,
                    131.7948717948718
                ],
                [
                    618.5897435897436,
                    141.02564102564102
                ],
                [
                    630.8974358974359,
                    273.84615384615387
                ],
                [
                    618.0769230769231,
                    284.1025641025641
                ],
                [
                    47.82051282051282,
                    286.6666666666667
                ],
                [
                    37.56410256410257,
                    275.8974358974359
                ]
            ],
            "shape_type": "polygon",
            "flags": {}
        }
    ],
    "lineColor": [
        0,
        255,
        0,
        128
    ],
    "fillColor": [
        255,
        0,
        0,
        128
    ],
    "imagePath": "917.jpeg",
    "imageData": "",
    "imageHeight": 480,
    "imageWidth": 640
}