{
    "version": "5.0.2",
    "flags": {},
    "shapes": [
        {
            "label": "Back_ID_Card",
            "line_color": null,
            "fill_color": null,
            "points": [
                [
                    570.8974358974359,
                    18.974358974358974
                ],
                [
                    592.948717948718,
                    37.43589743589744
                ],
                [
                    586.7948717948718,
                    423.5897435897436
                ],
                [
                    570.8974358974359,
                    435.8974358974359
                ],
                [
                    72.94871794871796,
                    464.1025641025641
                ],
                [
                    57.56410256410257,
                    447.6923076923077
                ],
                [
                    32.435897435897445,
                    24.102564102564102
                ],
                [
                    62.69230769230771,
                    7.17948717948718
                ]
            ],
            "shape_type": "polygon",
            "flags": {}
        }
    ],
    "lineColor": [
        0,
        255,
        0,
        128
    ],
    "fillColor": [
        255,
        0,
        0,
        128
    ],
    "imagePath": "920.JPEG",
    "imageData": "",
    "imageHeight": 480,
    "imageWidth": 640
}