{
    "version": "5.0.2",
    "flags": {},
    "shapes": [
        {
            "label": "Back_ID_Card",
            "line_color": null,
            "fill_color": null,
            "points": [
                [
                    234.4871794871795,
                    237.43589743589743
                ],
                [
                    244.74358974358972,
                    224.6153846153846
                ],
                [
                    537.0512820512821,
                    198.46153846153845
                ],
                [
                    547.8205128205128,
                    206.66666666666666
                ],
                [
                    564.2307692307693,
                    383.0769230769231
                ],
                [
                    558.0769230769231,
                    394.35897435897436
                ],
                [
                    263.71794871794873,
                    434.87179487179486
                ],
                [
                    250.8974358974359,
                    425.64102564102564
                ]
            ],
            "shape_type": "polygon",
            "flags": {}
        }
    ],
    "lineColor": [
        0,
        255,
        0,
        128
    ],
    "fillColor": [
        255,
        0,
        0,
        128
    ],
    "imagePath": "923.jpeg",
    "imageData": "",
    "imageHeight": 480,
    "imageWidth": 640
}