{
    "version": "5.0.2",
    "flags": {},
    "shapes": [
        {
            "label": "Back_ID_Card",
            "line_color": null,
            "fill_color": null,
            "points": [
                [
                    37.05128205128206,
                    62.05128205128205
                ],
                [
                    56.02564102564102,
                    36.92307692307693
                ],
                [
                    591.4102564102565,
                    25.128205128205128
                ],
                [
                    606.2820512820513,
                    44.61538461538461
                ],
                [
                    617.5641025641025,
                    427.6923076923077
                ],
                [
                    601.6666666666666,
                    447.6923076923077
                ],
                [
                    57.051282051282044,
                    463.5897435897436
                ],
                [
                    42.17948717948718,
                    441.53846153846155
                ]
            ],
            "shape_type": "polygon",
            "flags": {}
        }
    ],
    "lineColor": [
        0,
        255,
        0,
        128
    ],
    "fillColor": [
        255,
        0,
        0,
        128
    ],
    "imagePath": "943.JPEG",
    "imageData": "",
    "imageHeight": 480,
    "imageWidth": 640
}