{
    "version": "5.0.2",
    "flags": {},
    "shapes": [
        {
            "label": "Back_ID_Card",
            "line_color": null,
            "fill_color": null,
            "points": [
                [
                    480.64102564102564,
                    15.384615384615385
                ],
                [
                    512.4358974358975,
                    31.794871794871796
                ],
                [
                    551.4102564102565,
                    426.1538461538462
                ],
                [
                    537.5641025641025,
                    443.5897435897436
                ],
                [
                    81.15384615384616,
                    467.1794871794872
                ],
                [
                    58.58974358974359,
                    450.2564102564103
                ],
                [
                    15.0,
                    36.41025641025641
                ],
                [
                    41.66666666666667,
                    20.0
                ]
            ],
            "shape_type": "polygon",
            "flags": {}
        }
    ],
    "lineColor": [
        0,
        255,
        0,
        128
    ],
    "fillColor": [
        255,
        0,
        0,
        128
    ],
    "imagePath": "949.jpeg",
    "imageData": "",
    "imageHeight": 480,
    "imageWidth": 640
}