{
    "version": "5.0.2",
    "flags": {},
    "shapes": [
        {
            "label": "Back_ID_Card",
            "line_color": null,
            "fill_color": null,
            "points": [
                [
                    476.53846153846155,
                    42.05128205128205
                ],
                [
                    490.8974358974359,
                    56.92307692307693
                ],
                [
                    455.0,
                    474.35897435897436
                ],
                [
                    416,
                    479
                ],
                [
                    187.82051282051282,
                    450.2564102564103
                ],
                [
                    176.02564102564105,
                    435.8974358974359
                ],
                [
                    223.71794871794873,
                    38.46153846153846
                ],
                [
                    237.05128205128204,
                    26.666666666666668
                ]
            ],
            "shape_type": "polygon",
            "flags": {}
        }
    ],
    "lineColor": [
        0,
        255,
        0,
        128
    ],
    "fillColor": [
        255,
        0,
        0,
        128
    ],
    "imagePath": "951.jpeg",
    "imageData": "",
    "imageHeight": 480,
    "imageWidth": 640
}