{
    "version": "5.0.2",
    "flags": {},
    "shapes": [
        {
            "label": "Back_ID_Card",
            "line_color": null,
            "fill_color": null,
            "points": [
                [
                    171.4102564102564,
                    86.66666666666667
                ],
                [
                    188.84615384615387,
                    78.46153846153847
                ],
                [
                    532.948717948718,
                    117.43589743589745
                ],
                [
                    540.6410256410256,
                    128.2051282051282
                ],
                [
                    523.2051282051282,
                    363.0769230769231
                ],
                [
                    506.7948717948718,
                    374.35897435897436
                ],
                [
                    98.58974358974359,
                    285.12820512820514
                ],
                [
                    92.94871794871796,
                    271.7948717948718
                ]
            ],
            "shape_type": "polygon",
            "flags": {}
        }
    ],
    "lineColor": [
        0,
        255,
        0,
        128
    ],
    "fillColor": [
        255,
        0,
        0,
        128
    ],
    "imagePath": "954.jpeg",
    "imageData": "",
    "imageHeight": 480,
    "imageWidth": 640
}