{
    "version": "5.0.2",
    "flags": {},
    "shapes": [
        {
            "label": "Back_ID_Card",
            "line_color": null,
            "fill_color": null,
            "points": [
                [
                    57.051282051282044,
                    81.53846153846155
                ],
                [
                    72.94871794871796,
                    59.48717948717949
                ],
                [
                    583.2051282051282,
                    43.07692307692308
                ],
                [
                    601.1538461538462,
                    55.8974358974359
                ],
                [
                    632.948717948718,
                    386.6666666666667
                ],
                [
                    618.0769230769231,
                    406.6666666666667
                ],
                [
                    65.76923076923077,
                    430.2564102564103
                ],
                [
                    50.38461538461539,
                    411.7948717948718
                ]
            ],
            "shape_type": "polygon",
            "flags": {}
        }
    ],
    "lineColor": [
        0,
        255,
        0,
        128
    ],
    "fillColor": [
        255,
        0,
        0,
        128
    ],
    "imagePath": "967.JPEG",
    "imageData": "",
    "imageHeight": 480,
    "imageWidth": 640
}