{
    "version": "5.0.2",
    "flags": {},
    "shapes": [
        {
            "label": "Back_ID_Card",
            "line_color": null,
            "fill_color": null,
            "points": [
                [
                    126.7948717948718,
                    347.1794871794872
                ],
                [
                    109.87179487179489,
                    332.3076923076923
                ],
                [
                    79.10256410256412,
                    42.05128205128205
                ],
                [
                    97.05128205128204,
                    33.84615384615385
                ],
                [
                    543.7179487179487,
                    30.256410256410255
                ],
                [
                    564.2307692307693,
                    43.58974358974359
                ],
                [
                    562.1794871794872,
                    331.7948717948718
                ],
                [
                    545.7692307692308,
                    343.5897435897436
                ]
            ],
            "shape_type": "polygon",
            "flags": {}
        }
    ],
    "lineColor": [
        0,
        255,
        0,
        128
    ],
    "fillColor": [
        255,
        0,
        0,
        128
    ],
    "imagePath": "977.jpeg",
    "imageData": "",
    "imageHeight": 480,
    "imageWidth": 640
}