{
    "version": "5.0.2",
    "flags": {},
    "shapes": [
        {
            "label": "Back_ID_Card",
            "line_color": null,
            "fill_color": null,
            "points": [
                [
                    15.0,
                    32.30769230769231
                ],
                [
                    43.205128205128204,
                    3.58974358974359
                ],
                [
                    613.974358974359,
                    25.641025641025642
                ],
                [
                    634.4871794871796,
                    49.23076923076923
                ],
                [
                    615.0,
                    453.84615384615387
                ],
                [
                    594.4871794871794,
                    471.28205128205127
                ],
                [
                    28.333333333333343,
                    457.43589743589746
                ],
                [
                    12.435897435897445,
                    439.4871794871795
                ]
            ],
            "shape_type": "polygon",
            "flags": {}
        }
    ],
    "lineColor": [
        0,
        255,
        0,
        128
    ],
    "fillColor": [
        255,
        0,
        0,
        128
    ],
    "imagePath": "981.JPEG",
    "imageData": "",
    "imageHeight": 480,
    "imageWidth": 640
}