{
    "version": "5.0.2",
    "flags": {},
    "shapes": [
        {
            "label": "Back_ID_Card",
            "line_color": null,
            "fill_color": null,
            "points": [
                [
                    107.30769230769232,
                    120.51282051282051
                ],
                [
                    124.23076923076923,
                    98.97435897435898
                ],
                [
                    565.7692307692308,
                    84.1025641025641
                ],
                [
                    583.7179487179487,
                    102.05128205128206
                ],
                [
                    588.3333333333334,
                    396.9230769230769
                ],
                [
                    573.974358974359,
                    418.46153846153845
                ],
                [
                    137.05128205128204,
                    439.4871794871795
                ],
                [
                    121.66666666666666,
                    422.5641025641026
                ]
            ],
            "shape_type": "polygon",
            "flags": {}
        }
    ],
    "lineColor": [
        0,
        255,
        0,
        128
    ],
    "fillColor": [
        255,
        0,
        0,
        128
    ],
    "imagePath": "989.JPEG",
    "imageData": "",
    "imageHeight": 480,
    "imageWidth": 640
}