{
    "version": "5.0.2",
    "flags": {},
    "shapes": [
        {
            "label": "Back_ID_Card",
            "line_color": null,
            "fill_color": null,
            "points": [
                [
                    14.487179487179489,
                    53.333333333333336
                ],
                [
                    32.435897435897445,
                    29.23076923076923
                ],
                [
                    608.8461538461538,
                    27.692307692307693
                ],
                [
                    625.2564102564103,
                    45.12820512820513
                ],
                [
                    619.1025641025641,
                    435.8974358974359
                ],
                [
                    596.5384615384615,
                    457.43589743589746
                ],
                [
                    51.923076923076934,
                    470.7692307692308
                ],
                [
                    32.435897435897445,
                    449.2307692307692
                ]
            ],
            "shape_type": "polygon",
            "flags": {}
        }
    ],
    "lineColor": [
        0,
        255,
        0,
        128
    ],
    "fillColor": [
        255,
        0,
        0,
        128
    ],
    "imagePath": "996.JPEG",
    "imageData": "",
    "imageHeight": 480,
    "imageWidth": 640
}